item_no,category,name,specification,extra,unit,price,region,department,client,region
ITEM1104T2000135069,8,超出20公里部分，只以单边计算，不限车型,过路费实报实销,/,元/公里,5,2,1,2,2
ITEM1104M7000135064,35,铜版纸（起订量1000张，1/2 A4纸张大小）,157克,0.5年,元/张,0.2,2,1,2,2
ITEM1104M7000134980,36,LED超薄灯箱,"LED，铝合金边框3.5，导光板0.4-0.5，亚克力板0.3-0.5，灯箱片,电源",1年,元／平方米,320,2,1,2,2
ITEM1104M7000135001,37,5mmKT板,不受规格限制,1年,元／平方米,15,2,1,2,2
ITEM1104M7000135002,37,5mm超卡板,不受规格限制,1年,元／平方米,23,2,1,2,2
ITEM1104M7000135000,37,5mm厚纸(塑)版,不受规格限制,1年,元／平方米,18,2,1,2,2
ITEM1104M7000135009,37,PVC板（雪弗板）,1.2m*2.4m*厚3mm,1年,元／平方米,35,2,1,2,2
ITEM1104M7000135010,37,PVC板（雪弗板）,1.2m*2.4m*厚5mm,1年,元／平方米,45,2,1,2,2
ITEM1104M7000135011,37,PVC板（雪弗板）,1.2m*2.4m*厚1CM,1年,元／平方米,55,2,1,2,2
ITEM1104M7000135012,37,PVC板（雪弗板）,1.2m*2.4m*厚2CM,1年,元／平方米,90,2,1,2,2
ITEM1104M7000135013,37,单面白中纤板,1.2*2.4m（厚1.2cm）,1年,元/张,90,2,1,2,2
ITEM1104M7000135014,37,单面白中纤板,1.2*2.4m（厚1.5cm）,1年,元/张,125,2,1,2,2
ITEM1104M7000135016,37,镀锌板含折板焊接刮灰打磨,规格：1.2mm；品牌非标,2年,元/平方米,320,2,1,2,2
ITEM1104M7000135007,37,分层板（做造型用）,3mm*1.2m*2.4m,1年,元／张,45,2,1,2,2
ITEM1104M7000135008,37,分层板（做造型用）,5mm*1.2m*2.4m,1年,元／张,65,2,1,2,2
ITEM1104M7000135015,37,钢化玻璃,T8mm/1.2*2.4米/张，含切割,1年,元/张,500,2,1,2,2
ITEM1104M7000135017,37,国产防火板 ,1.2m*2.4m*厚0.8mm,1年,元／张,50,2,1,2,2
ITEM1104M7000135003,37,铝塑板（双面铝皮）,1.2m*2.4m*厚3mm,1年,元／张,75,2,1,2,2
ITEM1104M7000135004,37,木工板（特殊复杂异形制作物人工费除外）,1.2m*2.4m*(厚1.0cm),1年,元／张,105,2,1,2,2
ITEM1104M7000135005,37,木工板（特殊复杂异形制作物人工费除外）,1.2m*2.4m*(厚1.5cm),1年,元／张,130,2,1,2,2
ITEM1104M7000135006,37,木工板（特殊复杂异形制作物人工费除外）,1.2m*2.4m*(厚1.8cm),1年,元／张,155,2,1,2,2
ITEM1104M7000135020,37,泡沫板,2cm,1年,元/平方米,9,2,1,2,2
ITEM1104M7000135021,37,泡沫板,5cm,1年,元/平方米,15,2,1,2,2
ITEM1104M7000135018,37,透明亚克力板（含异形切割）,1.2m*1.8m*厚3mm,1年,元／平方米,100,2,1,2,2
ITEM1104M7000135019,37,透明亚克力板（含异形切割）,1.2m*1.8m*厚5mm,1年,元／平方木,150,2,1,2,2
ITEM1104M7000135060,38,不锈钢包边（含折叠部分、人工、辅料等）,拉丝面0.6mm，用于灯箱包柱包边,1年,元/米,12,2,1,2,2
ITEM1104M7000135065,39,UV静电贴,UV平板印刷，宽幅1.5m以内，含材料及印刷,0.5年,元/平方米,70,2,1,2,2
ITEM1104M7000135059,40,布旗布（艺术布）,9.14 幅宽（加画面）,1年,元/平方米,20,2,1,2,2
ITEM1104M7000134968,41,"彩钢扣板,间距为材料宽度的70%","4*4cm角钢搭架+铝合金型材包边；
C型彩钢扣板+铝合金龙骨；
辅料：电源线、广告钉、膨胀螺栓、万能胶、工费安装费；",2年,元/平方米,145,2,1,2,2
ITEM1104M7000135068,42,双铜纸，,抽奖券正副券，打孔/压折印/编号，长18CM，宽7cm,0.5年,元/张,0.3,2,1,2,2
ITEM1104M7000135058,43,T4灯管,0.6米,1年,元/支,12,2,1,2,2
ITEM1104M7000135056,43,插座（公牛牌）,4孔插口，电线3米及以上,0.5年,元/个,35,2,1,2,2
ITEM1104M7000135048,43,灯带（带整流器）,普通单色,1年,元/米,12,2,1,2,2
ITEM1104M7000135049,43,灯带（带整流器）,彩色,1年,元/米,14,2,1,2,2
ITEM1104M7000135050,43,灯带（带整流器）,EL发光定型线/铜线+绝缘层+荧光层+透明层,1年,元/米,80,2,1,2,2
ITEM1104M7000135051,43,灯带（带整流器）,LED灯带/片,1年,元/米,25,2,1,2,2
ITEM1104M7000135055,43,电线（国产免检如：鸽牌、熊猫牌）铜芯,2.5平方,1年,元/米,2,2,1,2,2
ITEM1104M7000135052,43,定时器,依设定调节灯光电源开关时间,1年,元/个,80,2,1,2,2
ITEM1104M7000135057,43,开关（公牛牌）,纽扣开关,0.5年,元/个,10,2,1,2,2
ITEM1104M7000135053,43,跑马灯,1米6灯头+灯珠,0.5年,元/个,10.1,2,1,2,2
ITEM1104M7000135054,43,亚克力发光盒子,3mm亚克力UV喷折弯工艺双层+亚克力雕刻+LED灯带,1年,元/米,10.2,2,1,2,2
ITEM1104M7000134976,44,"1、高精度喷绘画面(科宝灯布户外专用)
2、真不锈钢包边（现折亚光拉丝）
3、角钢
4、菲利浦灯管（一拖二每套/M2，镇流器国产)
5、设计费、制作及安装人工、铺料等","1、600DPI，厚度520
2、3*3，0.8mm厚 
3、3*3，3mm厚，有防锈漆
4、40W(灯管长1M)
5、辅料为焊条、铆钉、膨胀螺丝等","1年
2年
2年
1年
1年",元／平方米,10.3,2,1,2,2
ITEM1104M7000134977,45,"1、高精度喷绘画面(科宝灯布户外专用)
2、真不锈钢包边（现折亚光拉丝）
3、角钢
4、菲利浦灯管（一拖二每套/M2，镇流器国产)
5、设计费、制作及安装人工、铺料等","1、600DPI，厚度520
2、3*3，0.8mm厚 
3、3*3，3mm厚，有防锈漆
4、40W(灯管长1M)
5、辅料为焊条、铆钉、膨胀螺丝等","1年
2年
2年
1年
1年",元／平方米,10.4,2,1,2,2
ITEM1104M7000134978,46,软膜灯箱,"铝合金作边框、铝塑板作为背板、led作光源、uv软膜室外灯箱，
正面面积计算",1年,元／平方米,10.5,2,1,2,2
ITEM1104M7000134979,46,软膜灯箱换布,uv软膜，720dpi,1年,元／平方米,10.6,2,1,2,2
ITEM1104M7000134965,47,"1、喷绘画面，不锈钢角边框
2、国际40角钢主体边框
3、配套及辅件","1、1喷绘600DPI，厚度520，不锈钢3*3，0.8mm厚  
2、厚度不超过40cm,超出部分另计
3、/","1年
2年
/",元／平方米,10.7,2,1,2,2
ITEM1104M7000134963,48,"1、高精度喷绘画面（科宝灯布户外专用）
2、真不锈钢包边（现折亚光拉丝）
3、角钢
4、设计费、制作及安装人工、铺料等","1、600DPI，厚度520
2、3*3，0.8mm厚 
3、3*3，3mm厚，有防锈漆
4、辅料为焊条、铆钉、膨胀螺丝等","1年
2年
2年
/",元／平方米,10.8,2,1,2,2
ITEM1104M7000134966,49,"1、双面喷绘，不锈钢磨砂边框
2、国标40角钢主体边框 两次防锈处理
3、配套及辅件","1、喷绘600DPI，厚度520，不锈钢3*3，0.8mm厚
2、厚度不超过40cm，超出部分另计
3、/","1年
2年
/",元／平方米,10.9,2,1,2,2
ITEM1104M7000134964,50,"1、高精度喷绘画面（科宝灯布户外专用）
2、真不锈钢包边（现折亚光拉丝）
3、设计费、制作及安装人工、铺料等","1、600DPI，厚度520
2、3*3，0.8mm厚 
3、辅料为焊条、铆钉、膨胀螺丝等","1年
2年
/",元／平方米,11,2,1,2,2
ITEM1104M7000135025,51,PVC板异形雕刻（人工费）,5mm PVC雕刻,1年,元/平方米,11.1,2,1,2,2
ITEM1104M7000135026,51,PVC板异形雕刻（人工费）,1cm PVC雕刻,1年,元/平方米,11.2,2,1,2,2
ITEM1104M7000135027,51,PVC板异形雕刻（人工费）,2cm PVC雕刻,1年,元/平方米,11.3,2,1,2,2
ITEM1104M7000135028,51,单面白中纤板雕刻（人工费）,1.2*2.4m（厚1.2cm）雕刻,1年,元/平方米,11.4,2,1,2,2
ITEM1104M7000135029,51,单面白中纤板雕刻（人工费）,1.2*2.4m（厚1.5cm）雕刻,1年,元/平方米,11.5,2,1,2,2
ITEM1104M7000135022,51,木工板异形雕刻（人工费）,1.2m*2.4m*（厚1.0cm）,1年,元/平方米,11.6,2,1,2,2
ITEM1104M7000135023,51,木工板异形雕刻（人工费）,1.2m*2.4m*（厚1.5cm）,1年,元/平方米,11.7,2,1,2,2
ITEM1104M7000135024,51,木工板异形雕刻（人工费）,1.2m*2.4m*（厚1.8cm）,1年,元/平方米,11.8,2,1,2,2
ITEM1104M7000135031,52,L30角钢，含孔货架（含螺丝、螺母配套）,3米/根厚30mm,2年,元／根,11.9,2,1,2,2
ITEM1104M7000135030,52,L40角钢（国标）,6米/根厚40mm,2年,元／根,12,2,1,2,2
ITEM1104M7000135035,52,不锈钢方管,20管（厚1mm）6米/根，管口直径2cm,2年,元／根,12.1,2,1,2,2
ITEM1104M7000135036,52,不锈钢方管,30管（厚2.5mm）6米/根，管口直径3cm,2年,元／根,12.2,2,1,2,2
ITEM1104M7000135032,52,镀锌管,规格：4CM*4CM；品牌非标,1年,元/米,12.3,2,1,2,2
ITEM1104M7000135033,52,镀锌管,规格：8CM*8CM；品牌非标,4年,元/米,12.4,2,1,2,2
ITEM1104M7000135034,52,镀锌管,规格：10CM*10CM；品牌非标,5年,元/米,12.5,2,1,2,2
ITEM1104M7000135037,52,木方（又名：木龙骨）,3M/根，3cm*4cm,1年,元／根,12.6,2,1,2,2
ITEM1104M7000135038,52,木方（又名：木龙骨）,3M/根，4cm*6cm,1年,元／根,12.7,2,1,2,2
ITEM1104M7000134975,53,"1、国标镀锌圆管（含包边）
2、高精度喷绘画面
3、不含20CM边喷绘
4、设计费、制作及安装人工、铺料等","1、主体结构6分镀锌管
2、600DPI，厚度550，黑白喷绘布
3、/
4、辅料为螺丝、焊条等","2年
2年
2年
/",元／平方米,12.8,2,1,2,2
ITEM1104M7000135066,54,铜板纸双面印刷+刮刮银（起订量2000张）,250g铜板纸双面印刷，规格9*5cm，含材料\印刷\刮刮银制作，不含其它工艺,0.5年,元/张,12.9,2,1,2,2
ITEM1104M7000135063,55,钢质桁架（含拆装费用）,2天以内，含2天,/,元/米/次,13,2,1,2,2
ITEM1104M7000135062,56,钢板烤漆,烤漆工艺,1年,元/平方米,13.1,2,1,2,2
ITEM1104M7000135061,56,木质烤漆,烤漆工艺,1年,元/平方米,13.2,2,1,2,2
ITEM1104M7000134981,57,高精度喷绘画面（科宝灯布户外专用）,600DPI，厚度520,1年,元／平方米,13.3,2,1,2,2
ITEM1104M7000134982,57,黑白布,600DPI，厚度450，黑白喷绘布,1年,元/平方米,13.4,2,1,2,2
ITEM1104M7000134983,57,网格布,600DPI，粗网格喷绘,1年,元/平方米,13.5,2,1,2,2
ITEM1104M7000135067,58,A4纸大小，横板,强磁台签亚克力材质含画面,0.5年,元/个,13.6,2,1,2,2
ITEM1104M7000134967,59,吸塑底座3层面合计报价 （与“街客品牌店”同样的店招材料）,"4*4cm角钢搭架+铝合金型材包边；
背板:5mm 阳光板+反光膜；
飞利浦灯管：2根/平米，40W/根  镇流器；
辅料：电源线、广告钉、膨胀螺栓、万能胶、工费安装费；",2年,元/平方米,13.7,2,1,2,2
ITEM1104M7000134971,60,吸塑字成型（内置光源加包边）,3mm亚克力吸塑成型（只算字本身最大距离，字间无间距），不足一米,2年,元/平方厘米,13.8,2,1,2,2
ITEM1104M7000134972,60,吸塑字成型（内置光源加包边）,3mm亚克力吸塑成型（只算字本身最大距离，字间无间距），一米以上含1米,2年,元/平方米,13.9,2,1,2,2
ITEM1104M7000134969,60,吸塑字成型（无内置光源）,3mm亚克力吸塑成型（只算字本身最大距离，字间无间距），不足一米,2年,元/平方厘米,14,2,1,2,2
ITEM1104M7000134970,60,吸塑字成型（无内置光源）,3mm亚克力吸塑成型（只算字本身最大距离，字间无间距），一米以上含1米,2年,元/平方米,14.1,2,1,2,2
ITEM1104M7000134993,61,EL发光贴,高清画面，移除不留胶,1年,元/平方米,14.2,2,1,2,2
ITEM1104M7000134996,61,pvc反光喷绘布/膜,面层高面子反光材料+底层PVC夹网布/背胶,1年,元/平方米,14.3,2,1,2,2
ITEM1104M7000134989,61,PVC硬片(加画面）,720DPI，1.5mm,1年,元／平方米,14.4,2,1,2,2
ITEM1104M7000134997,61,uv喷印,UV机喷印,1年,元/平方米,14.5,2,1,2,2
ITEM1104M7000134991,61,车身贴(国产),720DPI，宽幅.07m.1.27m,1年,元／平方米,14.6,2,1,2,2
ITEM1104M7000134990,61,灯片,720DPI，宽幅.07m.1.27m,1年,元／平方米,14.7,2,1,2,2
ITEM1104M7000134988,61,"户外写真背胶(黑背胶,厚约0.14mm)",720DPI，UV防紫外线（不褪色）,1年,元／平方米,14.8,2,1,2,2
ITEM1104M7000134992,61,磨砂贴,720DPI，宽幅.07m.1.27m,1年,元／平方米,14.9,2,1,2,2
ITEM1104M7000134994,61,软磁写真,材质：软磁，厚度0.7MM,1年,元/平方米,15,2,1,2,2
ITEM1104M7000134998,61,透明贴单透,720DPI，宽幅.07m.1.27m,1年,元／平方米,15.1,2,1,2,2
ITEM1104M7000134999,61,透明贴双透,720DPI，宽幅.07m.1.27m,1年,元／平方米,15.2,2,1,2,2
ITEM1104M7000134995,61,斜纹膜/不起边，不褪色无褶皱,120g/T0.13mm/1.2*2.4米/张（适用于车体广告、地贴、橱窗）,1年,元/平方米,15.3,2,1,2,2
ITEM1104M7000134987,61,写真画面,720DPI,1年,元／平方米,15.4,2,1,2,2
ITEM1104M7000134974,62,"1、国标镀锌圆管（含包边）
2、高精度喷绘画面
3、角钢
4、含20CM边喷绘
5、设计费、制作及安装人工、铺料等","1、主体结构6分镀锌管
2、600DPI，厚度550，黑白喷绘布
3、3*3，3mm厚，有防锈漆
4、/
5、辅料为汽钉枪、螺丝、焊条等","2年
2年
2年
2年
/",元／平方米,15.5,2,1,2,2
ITEM1104M7000134973,63,"1、铝合金管
2、高精度高防水尼龙布画面
3、专用伸缩铝型材
4、含20CM边喷绘
5、设计费、制作及安装人工、铺料等","1、0.8mm厚铝合金管
2、600DPI，厚度550，高防水尼龙布
3、0.8mm厚铝合金伸缩臂
4、/
5、辅料为汽钉枪、螺丝、焊条等","2年
2年
2年
2年
/",元／平方米,15.6,2,1,2,2
ITEM1104M7000135039,64,不锈钢圆管,1.1（直径50mm）6米/根,2年,元／根,15.7,2,1,2,2
ITEM1104M7000135040,64,不锈钢圆管,1.2（直径76mm）6米/根,2年,元／根,15.8,2,1,2,2
ITEM1104M7000134985,65,铝合金拉网展架,3x3格，230cm*230cm常规尺寸,1年,元/个,15.9,2,1,2,2
ITEM1104M7000134984,65,软a板（含画面）,骨架为纯钢材质，画面为弹力布  尺寸2m*0.8m,1年,元／个,16,2,1,2,2
ITEM1104M7000134986,65,铁质门型展架（底座+支杆+画面）,0.8*1.8m,1年,元/套,16.1,2,1,2,2
ITEM1104M7000135041,66,PVC字,5mm,1年,元/厘米,16.2,2,1,2,2
ITEM1104M7000135042,66,PVC字,12mm,1年,元/厘米,16.3,2,1,2,2
ITEM1104M7000135043,66,PVC字,20mm,1年,元/厘米,16.4,2,1,2,2
ITEM1104M7000135045,66,迷你字,2厘米水晶板正面倒边雕刻，后背镂空，装LED模组，外封3毫米白色亚克力，按最长边计算,2年,元/厘米,16.5,2,1,2,2
ITEM1104M7000135046,66,平面不锈钢发光字,亚克力面板，侧边不锈钢封边，1m以下,2年,元/厘米,16.6,2,1,2,2
ITEM1104M7000135047,66,平面不锈钢发光字,亚克力面板，侧边不锈钢封边，单边1m以上,2年,元/平方米,16.7,2,1,2,2
ITEM1104M7000135044,66,无边字,铝边无边发光字，喷漆，装LED灯，按最长边计算,2年,元/厘米,16.8,2,1,2,2
ITEM1104T2000135497,8,超出20公里部分，只以单边计算，不限车型,过路费实报实销,/,元/公里,16.9,2,2,2,2
ITEM1104M7000135492,35,铜版纸（起订量1000张，1/2 A4纸张大小）,157克,0.5年,元/张,17,2,2,2,2
ITEM1104M7000135408,36,LED超薄灯箱,"LED，铝合金边框3.5，导光板0.4-0.5，亚克力板0.3-0.5，灯箱片,电源",1年,元／平方米,17.1,2,2,2,2
ITEM1104M7000135429,37,5mmKT板,不受规格限制,1年,元／平方米,17.2,2,2,2,2
ITEM1104M7000135430,37,5mm超卡板,不受规格限制,1年,元／平方米,17.3,2,2,2,2
ITEM1104M7000135428,37,5mm厚纸(塑)版,不受规格限制,1年,元／平方米,17.4,2,2,2,2
ITEM1104M7000135437,37,PVC板（雪弗板）,1.2m*2.4m*厚3mm,1年,元／平方米,17.5,2,2,2,2
ITEM1104M7000135438,37,PVC板（雪弗板）,1.2m*2.4m*厚5mm,1年,元／平方米,17.6,2,2,2,2
ITEM1104M7000135439,37,PVC板（雪弗板）,1.2m*2.4m*厚1CM,1年,元／平方米,17.7,2,2,2,2
ITEM1104M7000135440,37,PVC板（雪弗板）,1.2m*2.4m*厚2CM,1年,元／平方米,17.8,2,2,2,2
ITEM1104M7000135441,37,单面白中纤板,1.2*2.4m（厚1.2cm）,1年,元/张,17.9,2,2,2,2
ITEM1104M7000135442,37,单面白中纤板,1.2*2.4m（厚1.5cm）,1年,元/张,18,2,2,2,2
ITEM1104M7000135444,37,镀锌板含折板焊接刮灰打磨,规格：1.2mm；品牌非标,2年,元/平方米,18.1,2,2,2,2
ITEM1104M7000135435,37,分层板（做造型用）,3mm*1.2m*2.4m,1年,元／张,18.2,2,2,2,2
ITEM1104M7000135436,37,分层板（做造型用）,5mm*1.2m*2.4m,1年,元／张,18.3,2,2,2,2
ITEM1104M7000135443,37,钢化玻璃,T8mm/1.2*2.4米/张，含切割,1年,元/张,18.4,2,2,2,2
ITEM1104M7000135445,37,国产防火板 ,1.2m*2.4m*厚0.8mm,1年,元／张,18.5,2,2,2,2
ITEM1104M7000135431,37,铝塑板（双面铝皮）,1.2m*2.4m*厚3mm,1年,元／张,18.6,2,2,2,2
ITEM1104M7000135432,37,木工板（特殊复杂异形制作物人工费除外）,1.2m*2.4m*(厚1.0cm),1年,元／张,18.7,2,2,2,2
ITEM1104M7000135433,37,木工板（特殊复杂异形制作物人工费除外）,1.2m*2.4m*(厚1.5cm),1年,元／张,18.8,2,2,2,2
ITEM1104M7000135434,37,木工板（特殊复杂异形制作物人工费除外）,1.2m*2.4m*(厚1.8cm),1年,元／张,18.9,2,2,2,2
ITEM1104M7000135448,37,泡沫板,2cm,1年,元/平方米,19,2,2,2,2
ITEM1104M7000135449,37,泡沫板,5cm,1年,元/平方米,19.1,2,2,2,2
ITEM1104M7000135446,37,透明亚克力板（含异形切割）,1.2m*1.8m*厚3mm,1年,元／平方米,19.2,2,2,2,2
ITEM1104M7000135447,37,透明亚克力板（含异形切割）,1.2m*1.8m*厚5mm,1年,元／平方木,19.3,2,2,2,2
ITEM1104M7000135488,38,不锈钢包边（含折叠部分、人工、辅料等）,拉丝面0.6mm，用于灯箱包柱包边,1年,元/米,19.4,2,2,2,2
ITEM1104M7000135493,39,UV静电贴,UV平板印刷，宽幅1.5m以内，含材料及印刷,0.5年,元/平方米,19.5,2,2,2,2
ITEM1104M7000135487,40,布旗布（艺术布）,9.14 幅宽（加画面）,1年,元/平方米,19.6,2,2,2,2
ITEM1104M7000135396,41,"彩钢扣板,间距为材料宽度的70%","4*4cm角钢搭架+铝合金型材包边；
C型彩钢扣板+铝合金龙骨；
辅料：电源线、广告钉、膨胀螺栓、万能胶、工费安装费；",2年,元/平方米,19.7,2,2,2,2
ITEM1104M7000135496,42,双铜纸，,抽奖券正副券，打孔/压折印/编号，长18CM，宽7cm,0.5年,元/张,19.8,2,2,2,2
ITEM1104M7000135486,43,T4灯管,0.6米,1年,元/支,19.9,2,2,2,2
ITEM1104M7000135484,43,插座（公牛牌）,4孔插口，电线3米及以上,0.5年,元/个,20,2,2,2,2
ITEM1104M7000135476,43,灯带（带整流器）,普通单色,1年,元/米,20.1,2,2,2,2
ITEM1104M7000135477,43,灯带（带整流器）,彩色,1年,元/米,20.2,2,2,2,2
ITEM1104M7000135478,43,灯带（带整流器）,EL发光定型线/铜线+绝缘层+荧光层+透明层,1年,元/米,20.3,2,2,2,2
ITEM1104M7000135479,43,灯带（带整流器）,LED灯带/片,1年,元/米,20.4,2,2,2,2
ITEM1104M7000135483,43,电线（国产免检如：鸽牌、熊猫牌）铜芯,2.5平方,1年,元/米,20.5,2,2,2,2
ITEM1104M7000135480,43,定时器,依设定调节灯光电源开关时间,1年,元/个,20.6,2,2,2,2
ITEM1104M7000135485,43,开关（公牛牌）,纽扣开关,0.5年,元/个,20.7,2,2,2,2
ITEM1104M7000135481,43,跑马灯,1米6灯头+灯珠,0.5年,元/个,20.8,2,2,2,2
ITEM1104M7000135482,43,亚克力发光盒子,3mm亚克力UV喷折弯工艺双层+亚克力雕刻+LED灯带,1年,元/米,20.9,2,2,2,2
ITEM1104M7000135404,44,"1、高精度喷绘画面(科宝灯布户外专用)
2、真不锈钢包边（现折亚光拉丝）
3、角钢
4、菲利浦灯管（一拖二每套/M2，镇流器国产)
5、设计费、制作及安装人工、铺料等","1、600DPI，厚度520
2、3*3，0.8mm厚 
3、3*3，3mm厚，有防锈漆
4、40W(灯管长1M)
5、辅料为焊条、铆钉、膨胀螺丝等","1年
2年
2年
1年
1年",元／平方米,21,2,2,2,2
ITEM1104M7000135405,45,"1、高精度喷绘画面(科宝灯布户外专用)
2、真不锈钢包边（现折亚光拉丝）
3、角钢
4、菲利浦灯管（一拖二每套/M2，镇流器国产)
5、设计费、制作及安装人工、铺料等","1、600DPI，厚度520
2、3*3，0.8mm厚 
3、3*3，3mm厚，有防锈漆
4、40W(灯管长1M)
5、辅料为焊条、铆钉、膨胀螺丝等","1年
2年
2年
1年
1年",元／平方米,21.1,2,2,2,2
ITEM1104M7000135406,46,软膜灯箱,"铝合金作边框、铝塑板作为背板、led作光源、uv软膜室外灯箱，
正面面积计算",1年,元／平方米,21.2,2,2,2,2
ITEM1104M7000135407,46,软膜灯箱换布,uv软膜，720dpi,1年,元／平方米,21.3,2,2,2,2
ITEM1104M7000135393,47,"1、喷绘画面，不锈钢角边框
2、国际40角钢主体边框
3、配套及辅件","1、1喷绘600DPI，厚度520，不锈钢3*3，0.8mm厚  
2、厚度不超过40cm,超出部分另计
3、/","1年
2年
/",元／平方米,21.4,2,2,2,2
ITEM1104M7000135391,48,"1、高精度喷绘画面（科宝灯布户外专用）
2、真不锈钢包边（现折亚光拉丝）
3、角钢
4、设计费、制作及安装人工、铺料等","1、600DPI，厚度520
2、3*3，0.8mm厚 
3、3*3，3mm厚，有防锈漆
4、辅料为焊条、铆钉、膨胀螺丝等","1年
2年
2年
/",元／平方米,21.5,2,2,2,2
ITEM1104M7000135394,49,"1、双面喷绘，不锈钢磨砂边框
2、国标40角钢主体边框 两次防锈处理
3、配套及辅件","1、喷绘600DPI，厚度520，不锈钢3*3，0.8mm厚
2、厚度不超过40cm，超出部分另计
3、/","1年
2年
/",元／平方米,21.6,2,2,2,2
ITEM1104M7000135392,50,"1、高精度喷绘画面（科宝灯布户外专用）
2、真不锈钢包边（现折亚光拉丝）
3、设计费、制作及安装人工、铺料等","1、600DPI，厚度520
2、3*3，0.8mm厚 
3、辅料为焊条、铆钉、膨胀螺丝等","1年
2年
/",元／平方米,21.7,2,2,2,2
ITEM1104M7000135453,51,PVC板异形雕刻（人工费）,5mm PVC雕刻,1年,元/平方米,21.8,2,2,2,2
ITEM1104M7000135454,51,PVC板异形雕刻（人工费）,1cm PVC雕刻,1年,元/平方米,21.9,2,2,2,2
ITEM1104M7000135455,51,PVC板异形雕刻（人工费）,2cm PVC雕刻,1年,元/平方米,22,2,2,2,2
ITEM1104M7000135456,51,单面白中纤板雕刻（人工费）,1.2*2.4m（厚1.2cm）雕刻,1年,元/平方米,22.1,2,2,2,2
ITEM1104M7000135457,51,单面白中纤板雕刻（人工费）,1.2*2.4m（厚1.5cm）雕刻,1年,元/平方米,22.2,2,2,2,2
ITEM1104M7000135450,51,木工板异形雕刻（人工费）,1.2m*2.4m*（厚1.0cm）,1年,元/平方米,22.3,2,2,2,2
ITEM1104M7000135451,51,木工板异形雕刻（人工费）,1.2m*2.4m*（厚1.5cm）,1年,元/平方米,22.4,2,2,2,2
ITEM1104M7000135452,51,木工板异形雕刻（人工费）,1.2m*2.4m*（厚1.8cm）,1年,元/平方米,22.5,2,2,2,2
ITEM1104M7000135459,52,L30角钢，含孔货架（含螺丝、螺母配套）,3米/根厚30mm,2年,元／根,22.6,2,2,2,2
ITEM1104M7000135458,52,L40角钢（国标）,6米/根厚40mm,2年,元／根,22.7,2,2,2,2
ITEM1104M7000135463,52,不锈钢方管,20管（厚1mm）6米/根，管口直径2cm,2年,元／根,22.8,2,2,2,2
ITEM1104M7000135464,52,不锈钢方管,30管（厚2.5mm）6米/根，管口直径3cm,2年,元／根,22.9,2,2,2,2
ITEM1104M7000135460,52,镀锌管,规格：4CM*4CM；品牌非标,1年,元/米,23,2,2,2,2
ITEM1104M7000135461,52,镀锌管,规格：8CM*8CM；品牌非标,4年,元/米,23.1,2,2,2,2
ITEM1104M7000135462,52,镀锌管,规格：10CM*10CM；品牌非标,5年,元/米,23.2,2,2,2,2
ITEM1104M7000135465,52,木方（又名：木龙骨）,3M/根，3cm*4cm,1年,元／根,23.3,2,2,2,2
ITEM1104M7000135466,52,木方（又名：木龙骨）,3M/根，4cm*6cm,1年,元／根,23.4,2,2,2,2
ITEM1104M7000135403,53,"1、国标镀锌圆管（含包边）
2、高精度喷绘画面
3、不含20CM边喷绘
4、设计费、制作及安装人工、铺料等","1、主体结构6分镀锌管
2、600DPI，厚度550，黑白喷绘布
3、/
4、辅料为螺丝、焊条等","2年
2年
2年
/",元／平方米,23.5,2,2,2,2
ITEM1104M7000135494,54,铜板纸双面印刷+刮刮银（起订量2000张）,250g铜板纸双面印刷，规格9*5cm，含材料\印刷\刮刮银制作，不含其它工艺,0.5年,元/张,23.6,2,2,2,2
ITEM1104M7000135491,55,钢质桁架（含拆装费用）,2天以内，含2天,/,元/米/次,23.7,2,2,2,2
ITEM1104M7000135490,56,钢板烤漆,烤漆工艺,1年,元/平方米,23.8,2,2,2,2
ITEM1104M7000135489,56,木质烤漆,烤漆工艺,1年,元/平方米,23.9,2,2,2,2
ITEM1104M7000135409,57,高精度喷绘画面（科宝灯布户外专用）,600DPI，厚度520,1年,元／平方米,24,2,2,2,2
ITEM1104M7000135410,57,黑白布,600DPI，厚度450，黑白喷绘布,1年,元/平方米,24.1,2,2,2,2
ITEM1104M7000135411,57,网格布,600DPI，粗网格喷绘,1年,元/平方米,24.2,2,2,2,2
ITEM1104M7000135495,58,A4纸大小，横板,强磁台签亚克力材质含画面,0.5年,元/个,24.3,2,2,2,2
ITEM1104M7000135395,59,吸塑底座3层面合计报价 （与“街客品牌店”同样的店招材料）,"4*4cm角钢搭架+铝合金型材包边；
背板:5mm 阳光板+反光膜；
飞利浦灯管：2根/平米，40W/根  镇流器；
辅料：电源线、广告钉、膨胀螺栓、万能胶、工费安装费；",2年,元/平方米,24.4,2,2,2,2
ITEM1104M7000135399,60,吸塑字成型（内置光源加包边）,3mm亚克力吸塑成型（只算字本身最大距离，字间无间距），不足一米,2年,元/平方厘米,24.5,2,2,2,2
ITEM1104M7000135400,60,吸塑字成型（内置光源加包边）,3mm亚克力吸塑成型（只算字本身最大距离，字间无间距），一米以上含1米,2年,元/平方米,24.6,2,2,2,2
ITEM1104M7000135397,60,吸塑字成型（无内置光源）,3mm亚克力吸塑成型（只算字本身最大距离，字间无间距），不足一米,2年,元/平方厘米,24.7,2,2,2,2
ITEM1104M7000135398,60,吸塑字成型（无内置光源）,3mm亚克力吸塑成型（只算字本身最大距离，字间无间距），一米以上含1米,2年,元/平方米,24.8,2,2,2,2
ITEM1104M7000135421,61,EL发光贴,高清画面，移除不留胶,1年,元/平方米,24.9,2,2,2,2
ITEM1104M7000135424,61,pvc反光喷绘布/膜,面层高面子反光材料+底层PVC夹网布/背胶,1年,元/平方米,25,2,2,2,2
ITEM1104M7000135417,61,PVC硬片(加画面）,720DPI，1.5mm,1年,元／平方米,25.1,2,2,2,2
ITEM1104M7000135425,61,uv喷印,UV机喷印,1年,元/平方米,25.2,2,2,2,2
ITEM1104M7000135419,61,车身贴(国产),720DPI，宽幅.07m.1.27m,1年,元／平方米,25.3,2,2,2,2
ITEM1104M7000135418,61,灯片,720DPI，宽幅.07m.1.27m,1年,元／平方米,25.4,2,2,2,2
ITEM1104M7000135416,61,"户外写真背胶(黑背胶,厚约0.14mm)",720DPI，UV防紫外线（不褪色）,1年,元／平方米,25.5,2,2,2,2
ITEM1104M7000135420,61,磨砂贴,720DPI，宽幅.07m.1.27m,1年,元／平方米,25.6,2,2,2,2
ITEM1104M7000135422,61,软磁写真,材质：软磁，厚度0.7MM,1年,元/平方米,25.7,2,2,2,2
ITEM1104M7000135426,61,透明贴单透,720DPI，宽幅.07m.1.27m,1年,元／平方米,25.8,2,2,2,2
ITEM1104M7000135427,61,透明贴双透,720DPI，宽幅.07m.1.27m,1年,元／平方米,25.9,2,2,2,2
ITEM1104M7000135423,61,斜纹膜/不起边，不褪色无褶皱,120g/T0.13mm/1.2*2.4米/张（适用于车体广告、地贴、橱窗）,1年,元/平方米,26,2,2,2,2
ITEM1104M7000135415,61,写真画面,720DPI,1年,元／平方米,26.1,2,2,2,2
ITEM1104M7000135402,62,"1、国标镀锌圆管（含包边）
2、高精度喷绘画面
3、角钢
4、含20CM边喷绘
5、设计费、制作及安装人工、铺料等","1、主体结构6分镀锌管
2、600DPI，厚度550，黑白喷绘布
3、3*3，3mm厚，有防锈漆
4、/
5、辅料为汽钉枪、螺丝、焊条等","2年
2年
2年
2年
/",元／平方米,26.2,2,2,2,2
ITEM1104M7000135401,63,"1、铝合金管
2、高精度高防水尼龙布画面
3、专用伸缩铝型材
4、含20CM边喷绘
5、设计费、制作及安装人工、铺料等","1、0.8mm厚铝合金管
2、600DPI，厚度550，高防水尼龙布
3、0.8mm厚铝合金伸缩臂
4、/
5、辅料为汽钉枪、螺丝、焊条等","2年
2年
2年
2年
/",元／平方米,26.3,2,2,2,2
ITEM1104M7000135467,64,不锈钢圆管,1.1（直径50mm）6米/根,2年,元／根,26.4,2,2,2,2
ITEM1104M7000135468,64,不锈钢圆管,1.2（直径76mm）6米/根,2年,元／根,26.5,2,2,2,2
ITEM1104M7000135413,65,铝合金拉网展架,3x3格，230cm*230cm常规尺寸,1年,元/个,26.6,2,2,2,2
ITEM1104M7000135412,65,软a板（含画面）,骨架为纯钢材质，画面为弹力布  尺寸2m*0.8m,1年,元／个,26.7,2,2,2,2
ITEM1104M7000135414,65,铁质门型展架（底座+支杆+画面）,0.8*1.8m,1年,元/套,26.8,2,2,2,2
ITEM1104M7000135469,66,PVC字,5mm,1年,元/厘米,26.9,2,2,2,2
ITEM1104M7000135470,66,PVC字,12mm,1年,元/厘米,27,2,2,2,2
ITEM1104M7000135471,66,PVC字,20mm,1年,元/厘米,27.1,2,2,2,2
ITEM1104M7000135473,66,迷你字,2厘米水晶板正面倒边雕刻，后背镂空，装LED模组，外封3毫米白色亚克力，按最长边计算,2年,元/厘米,27.2,2,2,2,2
ITEM1104M7000135474,66,平面不锈钢发光字,亚克力面板，侧边不锈钢封边，1m以下,2年,元/厘米,27.3,2,2,2,2
ITEM1104M7000135475,66,平面不锈钢发光字,亚克力面板，侧边不锈钢封边，单边1m以上,2年,元/平方米,27.4,2,2,2,2
ITEM1104M7000135472,66,无边字,铝边无边发光字，喷漆，装LED灯，按最长边计算,2年,元/厘米,27.5,2,2,2,2
ITEM1104T2000134962,8,超出20公里部分，只以单边计算，不限车型,过路费实报实销,/,元/公里,27.6,2,3,2,2
ITEM1104M7000134957,35,铜版纸（起订量1000张，1/2 A4纸张大小）,157克,0.5年,元/张,27.7,2,3,2,2
ITEM1104M7000134873,36,LED超薄灯箱,"LED，铝合金边框3.5，导光板0.4-0.5，亚克力板0.3-0.5，灯箱片,电源",1年,元／平方米,27.8,2,3,2,2
ITEM1104M7000134894,37,5mmKT板,不受规格限制,1年,元／平方米,27.9,2,3,2,2
ITEM1104M7000134895,37,5mm超卡板,不受规格限制,1年,元／平方米,28,2,3,2,2
ITEM1104M7000134893,37,5mm厚纸(塑)版,不受规格限制,1年,元／平方米,28.1,2,3,2,2
ITEM1104M7000134902,37,PVC板（雪弗板）,1.2m*2.4m*厚3mm,1年,元／平方米,28.2,2,3,2,2
ITEM1104M7000134903,37,PVC板（雪弗板）,1.2m*2.4m*厚5mm,1年,元／平方米,28.3,2,3,2,2
ITEM1104M7000134904,37,PVC板（雪弗板）,1.2m*2.4m*厚1CM,1年,元／平方米,28.4,2,3,2,2
ITEM1104M7000134905,37,PVC板（雪弗板）,1.2m*2.4m*厚2CM,1年,元／平方米,28.5,2,3,2,2
ITEM1104M7000134906,37,单面白中纤板,1.2*2.4m（厚1.2cm）,1年,元/张,28.6,2,3,2,2
ITEM1104M7000134907,37,单面白中纤板,1.2*2.4m（厚1.5cm）,1年,元/张,28.7,2,3,2,2
ITEM1104M7000134909,37,镀锌板含折板焊接刮灰打磨,规格：1.2mm；品牌非标,2年,元/平方米,28.8,2,3,2,2
ITEM1104M7000134900,37,分层板（做造型用）,3mm*1.2m*2.4m,1年,元／张,28.9,2,3,2,2
ITEM1104M7000134901,37,分层板（做造型用）,5mm*1.2m*2.4m,1年,元／张,29,2,3,2,2
ITEM1104M7000134908,37,钢化玻璃,T8mm/1.2*2.4米/张，含切割,1年,元/张,29.1,2,3,2,2
ITEM1104M7000134910,37,国产防火板 ,1.2m*2.4m*厚0.8mm,1年,元／张,29.2,2,3,2,2
ITEM1104M7000134896,37,铝塑板（双面铝皮）,1.2m*2.4m*厚3mm,1年,元／张,29.3,2,3,2,2
ITEM1104M7000134897,37,木工板（特殊复杂异形制作物人工费除外）,1.2m*2.4m*(厚1.0cm),1年,元／张,29.4,2,3,2,2
ITEM1104M7000134898,37,木工板（特殊复杂异形制作物人工费除外）,1.2m*2.4m*(厚1.5cm),1年,元／张,29.5,2,3,2,2
ITEM1104M7000134899,37,木工板（特殊复杂异形制作物人工费除外）,1.2m*2.4m*(厚1.8cm),1年,元／张,29.6,2,3,2,2
ITEM1104M7000134913,37,泡沫板,2cm,1年,元/平方米,29.7,2,3,2,2
ITEM1104M7000134914,37,泡沫板,5cm,1年,元/平方米,29.8,2,3,2,2
ITEM1104M7000134911,37,透明亚克力板（含异形切割）,1.2m*1.8m*厚3mm,1年,元／平方米,29.9,2,3,2,2
ITEM1104M7000134912,37,透明亚克力板（含异形切割）,1.2m*1.8m*厚5mm,1年,元／平方木,30,2,3,2,2
ITEM1104M7000134953,38,不锈钢包边（含折叠部分、人工、辅料等）,拉丝面0.6mm，用于灯箱包柱包边,1年,元/米,30.1,2,3,2,2
ITEM1104M7000134958,39,UV静电贴,UV平板印刷，宽幅1.5m以内，含材料及印刷,0.5年,元/平方米,30.2,2,3,2,2
ITEM1104M7000134952,40,布旗布（艺术布）,9.14 幅宽（加画面）,1年,元/平方米,30.3,2,3,2,2
ITEM1104M7000134861,41,"彩钢扣板,间距为材料宽度的70%","4*4cm角钢搭架+铝合金型材包边；
C型彩钢扣板+铝合金龙骨；
辅料：电源线、广告钉、膨胀螺栓、万能胶、工费安装费；",2年,元/平方米,30.4,2,3,2,2
ITEM1104M7000134961,42,双铜纸，,抽奖券正副券，打孔/压折印/编号，长18CM，宽7cm,0.5年,元/张,30.5,2,3,2,2
ITEM1104M7000134951,43,T4灯管,0.6米,1年,元/支,30.6,2,3,2,2
ITEM1104M7000134949,43,插座（公牛牌）,4孔插口，电线3米及以上,0.5年,元/个,30.7,2,3,2,2
ITEM1104M7000134941,43,灯带（带整流器）,普通单色,1年,元/米,30.8,2,3,2,2
ITEM1104M7000134942,43,灯带（带整流器）,彩色,1年,元/米,30.9,2,3,2,2
ITEM1104M7000134943,43,灯带（带整流器）,EL发光定型线/铜线+绝缘层+荧光层+透明层,1年,元/米,31,2,3,2,2
ITEM1104M7000134944,43,灯带（带整流器）,LED灯带/片,1年,元/米,31.1,2,3,2,2
ITEM1104M7000134948,43,电线（国产免检如：鸽牌、熊猫牌）铜芯,2.5平方,1年,元/米,31.2,2,3,2,2
ITEM1104M7000134945,43,定时器,依设定调节灯光电源开关时间,1年,元/个,31.3,2,3,2,2
ITEM1104M7000134950,43,开关（公牛牌）,纽扣开关,0.5年,元/个,31.4,2,3,2,2
ITEM1104M7000134946,43,跑马灯,1米6灯头+灯珠,0.5年,元/个,31.5,2,3,2,2
ITEM1104M7000134947,43,亚克力发光盒子,3mm亚克力UV喷折弯工艺双层+亚克力雕刻+LED灯带,1年,元/米,31.6,2,3,2,2
ITEM1104M7000134869,44,"1、高精度喷绘画面(科宝灯布户外专用)
2、真不锈钢包边（现折亚光拉丝）
3、角钢
4、菲利浦灯管（一拖二每套/M2，镇流器国产)
5、设计费、制作及安装人工、铺料等","1、600DPI，厚度520
2、3*3，0.8mm厚 
3、3*3，3mm厚，有防锈漆
4、40W(灯管长1M)
5、辅料为焊条、铆钉、膨胀螺丝等","1年
2年
2年
1年
1年",元／平方米,31.7,2,3,2,2
ITEM1104M7000134870,45,"1、高精度喷绘画面(科宝灯布户外专用)
2、真不锈钢包边（现折亚光拉丝）
3、角钢
4、菲利浦灯管（一拖二每套/M2，镇流器国产)
5、设计费、制作及安装人工、铺料等","1、600DPI，厚度520
2、3*3，0.8mm厚 
3、3*3，3mm厚，有防锈漆
4、40W(灯管长1M)
5、辅料为焊条、铆钉、膨胀螺丝等","1年
2年
2年
1年
1年",元／平方米,31.8,2,3,2,2
ITEM1104M7000134871,46,软膜灯箱,"铝合金作边框、铝塑板作为背板、led作光源、uv软膜室外灯箱，
正面面积计算",1年,元／平方米,31.9,2,3,2,2
ITEM1104M7000134872,46,软膜灯箱换布,uv软膜，720dpi,1年,元／平方米,32,2,3,2,2
ITEM1104M7000134858,47,"1、喷绘画面，不锈钢角边框
2、国际40角钢主体边框
3、配套及辅件","1、1喷绘600DPI，厚度520，不锈钢3*3，0.8mm厚  
2、厚度不超过40cm,超出部分另计
3、/","1年
2年
/",元／平方米,32.1,2,3,2,2
ITEM1104M7000134856,48,"1、高精度喷绘画面（科宝灯布户外专用）
2、真不锈钢包边（现折亚光拉丝）
3、角钢
4、设计费、制作及安装人工、铺料等","1、600DPI，厚度520
2、3*3，0.8mm厚 
3、3*3，3mm厚，有防锈漆
4、辅料为焊条、铆钉、膨胀螺丝等","1年
2年
2年
/",元／平方米,32.2,2,3,2,2
ITEM1104M7000134859,49,"1、双面喷绘，不锈钢磨砂边框
2、国标40角钢主体边框 两次防锈处理
3、配套及辅件","1、喷绘600DPI，厚度520，不锈钢3*3，0.8mm厚
2、厚度不超过40cm，超出部分另计
3、/","1年
2年
/",元／平方米,32.3,2,3,2,2
ITEM1104M7000134857,50,"1、高精度喷绘画面（科宝灯布户外专用）
2、真不锈钢包边（现折亚光拉丝）
3、设计费、制作及安装人工、铺料等","1、600DPI，厚度520
2、3*3，0.8mm厚 
3、辅料为焊条、铆钉、膨胀螺丝等","1年
2年
/",元／平方米,32.4,2,3,2,2
ITEM1104M7000134918,51,PVC板异形雕刻（人工费）,5mm PVC雕刻,1年,元/平方米,32.5,2,3,2,2
ITEM1104M7000134919,51,PVC板异形雕刻（人工费）,1cm PVC雕刻,1年,元/平方米,32.6,2,3,2,2
ITEM1104M7000134920,51,PVC板异形雕刻（人工费）,2cm PVC雕刻,1年,元/平方米,32.7,2,3,2,2
ITEM1104M7000134921,51,单面白中纤板雕刻（人工费）,1.2*2.4m（厚1.2cm）雕刻,1年,元/平方米,32.8,2,3,2,2
ITEM1104M7000134922,51,单面白中纤板雕刻（人工费）,1.2*2.4m（厚1.5cm）雕刻,1年,元/平方米,32.9,2,3,2,2
ITEM1104M7000134915,51,木工板异形雕刻（人工费）,1.2m*2.4m*（厚1.0cm）,1年,元/平方米,33,2,3,2,2
ITEM1104M7000134916,51,木工板异形雕刻（人工费）,1.2m*2.4m*（厚1.5cm）,1年,元/平方米,33.1,2,3,2,2
ITEM1104M7000134917,51,木工板异形雕刻（人工费）,1.2m*2.4m*（厚1.8cm）,1年,元/平方米,33.2,2,3,2,2
ITEM1104M7000134924,52,L30角钢，含孔货架（含螺丝、螺母配套）,3米/根厚30mm,2年,元／根,33.3,2,3,2,2
ITEM1104M7000134923,52,L40角钢（国标）,6米/根厚40mm,2年,元／根,33.4,2,3,2,2
ITEM1104M7000134928,52,不锈钢方管,20管（厚1mm）6米/根，管口直径2cm,2年,元／根,33.5,2,3,2,2
ITEM1104M7000134929,52,不锈钢方管,30管（厚2.5mm）6米/根，管口直径3cm,2年,元／根,33.6,2,3,2,2
ITEM1104M7000134925,52,镀锌管,规格：4CM*4CM；品牌非标,1年,元/米,33.7,2,3,2,2
ITEM1104M7000134926,52,镀锌管,规格：8CM*8CM；品牌非标,4年,元/米,33.8,2,3,2,2
ITEM1104M7000134927,52,镀锌管,规格：10CM*10CM；品牌非标,5年,元/米,33.9,2,3,2,2
ITEM1104M7000134930,52,木方（又名：木龙骨）,3M/根，3cm*4cm,1年,元／根,34,2,3,2,2
ITEM1104M7000134931,52,木方（又名：木龙骨）,3M/根，4cm*6cm,1年,元／根,34.1,2,3,2,2
ITEM1104M7000134868,53,"1、国标镀锌圆管（含包边）
2、高精度喷绘画面
3、不含20CM边喷绘
4、设计费、制作及安装人工、铺料等","1、主体结构6分镀锌管
2、600DPI，厚度550，黑白喷绘布
3、/
4、辅料为螺丝、焊条等","2年
2年
2年
/",元／平方米,34.2,2,3,2,2
ITEM1104M7000134959,54,铜板纸双面印刷+刮刮银（起订量2000张）,250g铜板纸双面印刷，规格9*5cm，含材料\印刷\刮刮银制作，不含其它工艺,0.5年,元/张,34.3,2,3,2,2
ITEM1104M7000134956,55,钢质桁架（含拆装费用）,2天以内，含2天,/,元/米/次,34.4,2,3,2,2
ITEM1104M7000134955,56,钢板烤漆,烤漆工艺,1年,元/平方米,34.5,2,3,2,2
ITEM1104M7000134954,56,木质烤漆,烤漆工艺,1年,元/平方米,34.6,2,3,2,2
ITEM1104M7000134874,57,高精度喷绘画面（科宝灯布户外专用）,600DPI，厚度520,1年,元／平方米,34.7,2,3,2,2
ITEM1104M7000134875,57,黑白布,600DPI，厚度450，黑白喷绘布,1年,元/平方米,34.8,2,3,2,2
ITEM1104M7000134876,57,网格布,600DPI，粗网格喷绘,1年,元/平方米,34.9,2,3,2,2
ITEM1104M7000134960,58,A4纸大小，横板,强磁台签亚克力材质含画面,0.5年,元/个,35,2,3,2,2
ITEM1104M7000134860,59,吸塑底座3层面合计报价 （与“街客品牌店”同样的店招材料）,"4*4cm角钢搭架+铝合金型材包边；
背板:5mm 阳光板+反光膜；
飞利浦灯管：2根/平米，40W/根  镇流器；
辅料：电源线、广告钉、膨胀螺栓、万能胶、工费安装费；",2年,元/平方米,35.1,2,3,2,2
ITEM1104M7000134864,60,吸塑字成型（内置光源加包边）,3mm亚克力吸塑成型（只算字本身最大距离，字间无间距），不足一米,2年,元/平方厘米,35.2,2,3,2,2
ITEM1104M7000134865,60,吸塑字成型（内置光源加包边）,3mm亚克力吸塑成型（只算字本身最大距离，字间无间距），一米以上含1米,2年,元/平方米,35.3,2,3,2,2
ITEM1104M7000134862,60,吸塑字成型（无内置光源）,3mm亚克力吸塑成型（只算字本身最大距离，字间无间距），不足一米,2年,元/平方厘米,35.4,2,3,2,2
ITEM1104M7000134863,60,吸塑字成型（无内置光源）,3mm亚克力吸塑成型（只算字本身最大距离，字间无间距），一米以上含1米,2年,元/平方米,35.5,2,3,2,2
ITEM1104M7000134886,61,EL发光贴,高清画面，移除不留胶,1年,元/平方米,35.6,2,3,2,2
ITEM1104M7000134889,61,pvc反光喷绘布/膜,面层高面子反光材料+底层PVC夹网布/背胶,1年,元/平方米,35.7,2,3,2,2
ITEM1104M7000134882,61,PVC硬片(加画面）,720DPI，1.5mm,1年,元／平方米,35.8,2,3,2,2
ITEM1104M7000134890,61,uv喷印,UV机喷印,1年,元/平方米,35.9,2,3,2,2
ITEM1104M7000134884,61,车身贴(国产),720DPI，宽幅.07m.1.27m,1年,元／平方米,36,2,3,2,2
ITEM1104M7000134883,61,灯片,720DPI，宽幅.07m.1.27m,1年,元／平方米,36.1,2,3,2,2
ITEM1104M7000134881,61,"户外写真背胶(黑背胶,厚约0.14mm)",720DPI，UV防紫外线（不褪色）,1年,元／平方米,36.2,2,3,2,2
ITEM1104M7000134885,61,磨砂贴,720DPI，宽幅.07m.1.27m,1年,元／平方米,36.3,2,3,2,2
ITEM1104M7000134887,61,软磁写真,材质：软磁，厚度0.7MM,1年,元/平方米,36.4,2,3,2,2
ITEM1104M7000134891,61,透明贴单透,720DPI，宽幅.07m.1.27m,1年,元／平方米,36.5,2,3,2,2
ITEM1104M7000134892,61,透明贴双透,720DPI，宽幅.07m.1.27m,1年,元／平方米,36.6,2,3,2,2
ITEM1104M7000134888,61,斜纹膜/不起边，不褪色无褶皱,120g/T0.13mm/1.2*2.4米/张（适用于车体广告、地贴、橱窗）,1年,元/平方米,36.7,2,3,2,2
ITEM1104M7000134880,61,写真画面,720DPI,1年,元／平方米,36.8,2,3,2,2
ITEM1104M7000134867,62,"1、国标镀锌圆管（含包边）
2、高精度喷绘画面
3、角钢
4、含20CM边喷绘
5、设计费、制作及安装人工、铺料等","1、主体结构6分镀锌管
2、600DPI，厚度550，黑白喷绘布
3、3*3，3mm厚，有防锈漆
4、/
5、辅料为汽钉枪、螺丝、焊条等","2年
2年
2年
2年
/",元／平方米,36.9,2,3,2,2
ITEM1104M7000134866,63,"1、铝合金管
2、高精度高防水尼龙布画面
3、专用伸缩铝型材
4、含20CM边喷绘
5、设计费、制作及安装人工、铺料等","1、0.8mm厚铝合金管
2、600DPI，厚度550，高防水尼龙布
3、0.8mm厚铝合金伸缩臂
4、/
5、辅料为汽钉枪、螺丝、焊条等","2年
2年
2年
2年
/",元／平方米,37,2,3,2,2
ITEM1104M7000134932,64,不锈钢圆管,1.1（直径50mm）6米/根,2年,元／根,37.1,2,3,2,2
ITEM1104M7000134933,64,不锈钢圆管,1.2（直径76mm）6米/根,2年,元／根,37.2,2,3,2,2
ITEM1104M7000134878,65,铝合金拉网展架,3x3格，230cm*230cm常规尺寸,1年,元/个,37.3,2,3,2,2
ITEM1104M7000134877,65,软a板（含画面）,骨架为纯钢材质，画面为弹力布  尺寸2m*0.8m,1年,元／个,37.4,2,3,2,2
ITEM1104M7000134879,65,铁质门型展架（底座+支杆+画面）,0.8*1.8m,1年,元/套,37.5,2,3,2,2
ITEM1104M7000134934,66,PVC字,5mm,1年,元/厘米,37.6,2,3,2,2
ITEM1104M7000134935,66,PVC字,12mm,1年,元/厘米,37.7,2,3,2,2
ITEM1104M7000134936,66,PVC字,20mm,1年,元/厘米,37.8,2,3,2,2
ITEM1104M7000134938,66,迷你字,2厘米水晶板正面倒边雕刻，后背镂空，装LED模组，外封3毫米白色亚克力，按最长边计算,2年,元/厘米,37.9,2,3,2,2
ITEM1104M7000134939,66,平面不锈钢发光字,亚克力面板，侧边不锈钢封边，1m以下,2年,元/厘米,38,2,3,2,2
ITEM1104M7000134940,66,平面不锈钢发光字,亚克力面板，侧边不锈钢封边，单边1m以上,2年,元/平方米,38.1,2,3,2,2
ITEM1104M7000134937,66,无边字,铝边无边发光字，喷漆，装LED灯，按最长边计算,2年,元/厘米,38.2,2,3,2,2
ITEM1104T2000135176,8,超出20公里部分，只以单边计算，不限车型,过路费实报实销,/,元/公里,38.3,2,4,2,2
ITEM1104M7000135171,35,铜版纸（起订量1000张，1/2 A4纸张大小）,157克,0.5年,元/张,38.4,2,4,2,2
ITEM1104M7000135087,36,LED超薄灯箱,"LED，铝合金边框3.5，导光板0.4-0.5，亚克力板0.3-0.5，灯箱片,电源",1年,元／平方米,38.5,2,4,2,2
ITEM1104M7000135108,37,5mmKT板,不受规格限制,1年,元／平方米,38.6,2,4,2,2
ITEM1104M7000135109,37,5mm超卡板,不受规格限制,1年,元／平方米,38.7,2,4,2,2
ITEM1104M7000135107,37,5mm厚纸(塑)版,不受规格限制,1年,元／平方米,38.8,2,4,2,2
ITEM1104M7000135116,37,PVC板（雪弗板）,1.2m*2.4m*厚3mm,1年,元／平方米,38.9,2,4,2,2
ITEM1104M7000135117,37,PVC板（雪弗板）,1.2m*2.4m*厚5mm,1年,元／平方米,39,2,4,2,2
ITEM1104M7000135118,37,PVC板（雪弗板）,1.2m*2.4m*厚1CM,1年,元／平方米,39.1,2,4,2,2
ITEM1104M7000135119,37,PVC板（雪弗板）,1.2m*2.4m*厚2CM,1年,元／平方米,39.2,2,4,2,2
ITEM1104M7000135120,37,单面白中纤板,1.2*2.4m（厚1.2cm）,1年,元/张,39.3,2,4,2,2
ITEM1104M7000135121,37,单面白中纤板,1.2*2.4m（厚1.5cm）,1年,元/张,39.4,2,4,2,2
ITEM1104M7000135123,37,镀锌板含折板焊接刮灰打磨,规格：1.2mm；品牌非标,2年,元/平方米,39.5,2,4,2,2
ITEM1104M7000135114,37,分层板（做造型用）,3mm*1.2m*2.4m,1年,元／张,39.6,2,4,2,2
ITEM1104M7000135115,37,分层板（做造型用）,5mm*1.2m*2.4m,1年,元／张,39.7,2,4,2,2
ITEM1104M7000135122,37,钢化玻璃,T8mm/1.2*2.4米/张，含切割,1年,元/张,39.8,2,4,2,2
ITEM1104M7000135124,37,国产防火板 ,1.2m*2.4m*厚0.8mm,1年,元／张,39.9,2,4,2,2
ITEM1104M7000135110,37,铝塑板（双面铝皮）,1.2m*2.4m*厚3mm,1年,元／张,40,2,4,2,2
ITEM1104M7000135111,37,木工板（特殊复杂异形制作物人工费除外）,1.2m*2.4m*(厚1.0cm),1年,元／张,40.1,2,4,2,2
ITEM1104M7000135112,37,木工板（特殊复杂异形制作物人工费除外）,1.2m*2.4m*(厚1.5cm),1年,元／张,40.2,2,4,2,2
ITEM1104M7000135113,37,木工板（特殊复杂异形制作物人工费除外）,1.2m*2.4m*(厚1.8cm),1年,元／张,40.3,2,4,2,2
ITEM1104M7000135127,37,泡沫板,2cm,1年,元/平方米,40.4,2,4,2,2
ITEM1104M7000135128,37,泡沫板,5cm,1年,元/平方米,40.5,2,4,2,2
ITEM1104M7000135125,37,透明亚克力板（含异形切割）,1.2m*1.8m*厚3mm,1年,元／平方米,40.6,2,4,2,2
ITEM1104M7000135126,37,透明亚克力板（含异形切割）,1.2m*1.8m*厚5mm,1年,元／平方木,40.7,2,4,2,2
ITEM1104M7000135167,38,不锈钢包边（含折叠部分、人工、辅料等）,拉丝面0.6mm，用于灯箱包柱包边,1年,元/米,40.8,2,4,2,2
ITEM1104M7000135172,39,UV静电贴,UV平板印刷，宽幅1.5m以内，含材料及印刷,0.5年,元/平方米,40.9,2,4,2,2
ITEM1104M7000135166,40,布旗布（艺术布）,9.14 幅宽（加画面）,1年,元/平方米,41,2,4,2,2
ITEM1104M7000135075,41,"彩钢扣板,间距为材料宽度的70%","4*4cm角钢搭架+铝合金型材包边；
C型彩钢扣板+铝合金龙骨；
辅料：电源线、广告钉、膨胀螺栓、万能胶、工费安装费；",2年,元/平方米,41.1,2,4,2,2
ITEM1104M7000135175,42,双铜纸，,抽奖券正副券，打孔/压折印/编号，长18CM，宽7cm,0.5年,元/张,41.2,2,4,2,2
ITEM1104M7000135165,43,T4灯管,0.6米,1年,元/支,41.3,2,4,2,2
ITEM1104M7000135163,43,插座（公牛牌）,4孔插口，电线3米及以上,0.5年,元/个,41.4,2,4,2,2
ITEM1104M7000135155,43,灯带（带整流器）,普通单色,1年,元/米,41.5,2,4,2,2
ITEM1104M7000135156,43,灯带（带整流器）,彩色,1年,元/米,41.6,2,4,2,2
ITEM1104M7000135157,43,灯带（带整流器）,EL发光定型线/铜线+绝缘层+荧光层+透明层,1年,元/米,41.7,2,4,2,2
ITEM1104M7000135158,43,灯带（带整流器）,LED灯带/片,1年,元/米,41.8,2,4,2,2
ITEM1104M7000135162,43,电线（国产免检如：鸽牌、熊猫牌）铜芯,2.5平方,1年,元/米,41.9,2,4,2,2
ITEM1104M7000135159,43,定时器,依设定调节灯光电源开关时间,1年,元/个,42,2,4,2,2
ITEM1104M7000135164,43,开关（公牛牌）,纽扣开关,0.5年,元/个,42.1,2,4,2,2
ITEM1104M7000135160,43,跑马灯,1米6灯头+灯珠,0.5年,元/个,42.2,2,4,2,2
ITEM1104M7000135161,43,亚克力发光盒子,3mm亚克力UV喷折弯工艺双层+亚克力雕刻+LED灯带,1年,元/米,42.3,2,4,2,2
ITEM1104M7000135083,44,"1、高精度喷绘画面(科宝灯布户外专用)
2、真不锈钢包边（现折亚光拉丝）
3、角钢
4、菲利浦灯管（一拖二每套/M2，镇流器国产)
5、设计费、制作及安装人工、铺料等","1、600DPI，厚度520
2、3*3，0.8mm厚 
3、3*3，3mm厚，有防锈漆
4、40W(灯管长1M)
5、辅料为焊条、铆钉、膨胀螺丝等","1年
2年
2年
1年
1年",元／平方米,42.4,2,4,2,2
ITEM1104M7000135084,45,"1、高精度喷绘画面(科宝灯布户外专用)
2、真不锈钢包边（现折亚光拉丝）
3、角钢
4、菲利浦灯管（一拖二每套/M2，镇流器国产)
5、设计费、制作及安装人工、铺料等","1、600DPI，厚度520
2、3*3，0.8mm厚 
3、3*3，3mm厚，有防锈漆
4、40W(灯管长1M)
5、辅料为焊条、铆钉、膨胀螺丝等","1年
2年
2年
1年
1年",元／平方米,42.5,2,4,2,2
ITEM1104M7000135085,46,软膜灯箱,"铝合金作边框、铝塑板作为背板、led作光源、uv软膜室外灯箱，
正面面积计算",1年,元／平方米,42.6,2,4,2,2
ITEM1104M7000135086,46,软膜灯箱换布,uv软膜，720dpi,1年,元／平方米,42.7,2,4,2,2
ITEM1104M7000135072,47,"1、喷绘画面，不锈钢角边框
2、国际40角钢主体边框
3、配套及辅件","1、1喷绘600DPI，厚度520，不锈钢3*3，0.8mm厚  
2、厚度不超过40cm,超出部分另计
3、/","1年
2年
/",元／平方米,42.8,2,4,2,2
ITEM1104M7000135070,48,"1、高精度喷绘画面（科宝灯布户外专用）
2、真不锈钢包边（现折亚光拉丝）
3、角钢
4、设计费、制作及安装人工、铺料等","1、600DPI，厚度520
2、3*3，0.8mm厚 
3、3*3，3mm厚，有防锈漆
4、辅料为焊条、铆钉、膨胀螺丝等","1年
2年
2年
/",元／平方米,42.9,2,4,2,2
ITEM1104M7000135073,49,"1、双面喷绘，不锈钢磨砂边框
2、国标40角钢主体边框 两次防锈处理
3、配套及辅件","1、喷绘600DPI，厚度520，不锈钢3*3，0.8mm厚
2、厚度不超过40cm，超出部分另计
3、/","1年
2年
/",元／平方米,43,2,4,2,2
ITEM1104M7000135071,50,"1、高精度喷绘画面（科宝灯布户外专用）
2、真不锈钢包边（现折亚光拉丝）
3、设计费、制作及安装人工、铺料等","1、600DPI，厚度520
2、3*3，0.8mm厚 
3、辅料为焊条、铆钉、膨胀螺丝等","1年
2年
/",元／平方米,43.1,2,4,2,2
ITEM1104M7000135132,51,PVC板异形雕刻（人工费）,5mm PVC雕刻,1年,元/平方米,43.2,2,4,2,2
ITEM1104M7000135133,51,PVC板异形雕刻（人工费）,1cm PVC雕刻,1年,元/平方米,43.3,2,4,2,2
ITEM1104M7000135134,51,PVC板异形雕刻（人工费）,2cm PVC雕刻,1年,元/平方米,43.4,2,4,2,2
ITEM1104M7000135135,51,单面白中纤板雕刻（人工费）,1.2*2.4m（厚1.2cm）雕刻,1年,元/平方米,43.5,2,4,2,2
ITEM1104M7000135136,51,单面白中纤板雕刻（人工费）,1.2*2.4m（厚1.5cm）雕刻,1年,元/平方米,43.6,2,4,2,2
ITEM1104M7000135129,51,木工板异形雕刻（人工费）,1.2m*2.4m*（厚1.0cm）,1年,元/平方米,43.7,2,4,2,2
ITEM1104M7000135130,51,木工板异形雕刻（人工费）,1.2m*2.4m*（厚1.5cm）,1年,元/平方米,43.8,2,4,2,2
ITEM1104M7000135131,51,木工板异形雕刻（人工费）,1.2m*2.4m*（厚1.8cm）,1年,元/平方米,43.9,2,4,2,2
ITEM1104M7000135138,52,L30角钢，含孔货架（含螺丝、螺母配套）,3米/根厚30mm,2年,元／根,44,2,4,2,2
ITEM1104M7000135137,52,L40角钢（国标）,6米/根厚40mm,2年,元／根,44.1,2,4,2,2
ITEM1104M7000135142,52,不锈钢方管,20管（厚1mm）6米/根，管口直径2cm,2年,元／根,44.2,2,4,2,2
ITEM1104M7000135143,52,不锈钢方管,30管（厚2.5mm）6米/根，管口直径3cm,2年,元／根,44.3,2,4,2,2
ITEM1104M7000135139,52,镀锌管,规格：4CM*4CM；品牌非标,1年,元/米,44.4,2,4,2,2
ITEM1104M7000135140,52,镀锌管,规格：8CM*8CM；品牌非标,4年,元/米,44.5,2,4,2,2
ITEM1104M7000135141,52,镀锌管,规格：10CM*10CM；品牌非标,5年,元/米,44.6,2,4,2,2
ITEM1104M7000135144,52,木方（又名：木龙骨）,3M/根，3cm*4cm,1年,元／根,44.7,2,4,2,2
ITEM1104M7000135145,52,木方（又名：木龙骨）,3M/根，4cm*6cm,1年,元／根,44.8,2,4,2,2
ITEM1104M7000135082,53,"1、国标镀锌圆管（含包边）
2、高精度喷绘画面
3、不含20CM边喷绘
4、设计费、制作及安装人工、铺料等","1、主体结构6分镀锌管
2、600DPI，厚度550，黑白喷绘布
3、/
4、辅料为螺丝、焊条等","2年
2年
2年
/",元／平方米,44.9,2,4,2,2
ITEM1104M7000135173,54,铜板纸双面印刷+刮刮银（起订量2000张）,250g铜板纸双面印刷，规格9*5cm，含材料\印刷\刮刮银制作，不含其它工艺,0.5年,元/张,45,2,4,2,2
ITEM1104M7000135170,55,钢质桁架（含拆装费用）,2天以内，含2天,/,元/米/次,45.1,2,4,2,2
ITEM1104M7000135169,56,钢板烤漆,烤漆工艺,1年,元/平方米,45.2,2,4,2,2
ITEM1104M7000135168,56,木质烤漆,烤漆工艺,1年,元/平方米,45.3,2,4,2,2
ITEM1104M7000135088,57,高精度喷绘画面（科宝灯布户外专用）,600DPI，厚度520,1年,元／平方米,45.4,2,4,2,2
ITEM1104M7000135089,57,黑白布,600DPI，厚度450，黑白喷绘布,1年,元/平方米,45.5,2,4,2,2
ITEM1104M7000135090,57,网格布,600DPI，粗网格喷绘,1年,元/平方米,45.6,2,4,2,2
ITEM1104M7000135174,58,A4纸大小，横板,强磁台签亚克力材质含画面,0.5年,元/个,45.7,2,4,2,2
ITEM1104M7000135074,59,吸塑底座3层面合计报价 （与“街客品牌店”同样的店招材料）,"4*4cm角钢搭架+铝合金型材包边；
背板:5mm 阳光板+反光膜；
飞利浦灯管：2根/平米，40W/根  镇流器；
辅料：电源线、广告钉、膨胀螺栓、万能胶、工费安装费；",2年,元/平方米,45.8,2,4,2,2
ITEM1104M7000135078,60,吸塑字成型（内置光源加包边）,3mm亚克力吸塑成型（只算字本身最大距离，字间无间距），不足一米,2年,元/平方厘米,45.9,2,4,2,2
ITEM1104M7000135079,60,吸塑字成型（内置光源加包边）,3mm亚克力吸塑成型（只算字本身最大距离，字间无间距），一米以上含1米,2年,元/平方米,46,2,4,2,2
ITEM1104M7000135076,60,吸塑字成型（无内置光源）,3mm亚克力吸塑成型（只算字本身最大距离，字间无间距），不足一米,2年,元/平方厘米,46.1,2,4,2,2
ITEM1104M7000135077,60,吸塑字成型（无内置光源）,3mm亚克力吸塑成型（只算字本身最大距离，字间无间距），一米以上含1米,2年,元/平方米,46.2,2,4,2,2
ITEM1104M7000135100,61,EL发光贴,高清画面，移除不留胶,1年,元/平方米,46.3,2,4,2,2
ITEM1104M7000135103,61,pvc反光喷绘布/膜,面层高面子反光材料+底层PVC夹网布/背胶,1年,元/平方米,46.4,2,4,2,2
ITEM1104M7000135096,61,PVC硬片(加画面）,720DPI，1.5mm,1年,元／平方米,46.5,2,4,2,2
ITEM1104M7000135104,61,uv喷印,UV机喷印,1年,元/平方米,46.6,2,4,2,2
ITEM1104M7000135098,61,车身贴(国产),720DPI，宽幅.07m.1.27m,1年,元／平方米,46.7,2,4,2,2
ITEM1104M7000135097,61,灯片,720DPI，宽幅.07m.1.27m,1年,元／平方米,46.8,2,4,2,2
ITEM1104M7000135095,61,"户外写真背胶(黑背胶,厚约0.14mm)",720DPI，UV防紫外线（不褪色）,1年,元／平方米,46.9,2,4,2,2
ITEM1104M7000135099,61,磨砂贴,720DPI，宽幅.07m.1.27m,1年,元／平方米,47,2,4,2,2
ITEM1104M7000135101,61,软磁写真,材质：软磁，厚度0.7MM,1年,元/平方米,47.1,2,4,2,2
ITEM1104M7000135105,61,透明贴单透,720DPI，宽幅.07m.1.27m,1年,元／平方米,47.2,2,4,2,2
ITEM1104M7000135106,61,透明贴双透,720DPI，宽幅.07m.1.27m,1年,元／平方米,47.3,2,4,2,2
ITEM1104M7000135102,61,斜纹膜/不起边，不褪色无褶皱,120g/T0.13mm/1.2*2.4米/张（适用于车体广告、地贴、橱窗）,1年,元/平方米,47.4,2,4,2,2
ITEM1104M7000135094,61,写真画面,720DPI,1年,元／平方米,47.5,2,4,2,2
ITEM1104M7000135081,62,"1、国标镀锌圆管（含包边）
2、高精度喷绘画面
3、角钢
4、含20CM边喷绘
5、设计费、制作及安装人工、铺料等","1、主体结构6分镀锌管
2、600DPI，厚度550，黑白喷绘布
3、3*3，3mm厚，有防锈漆
4、/
5、辅料为汽钉枪、螺丝、焊条等","2年
2年
2年
2年
/",元／平方米,47.6,2,4,2,2
ITEM1104M7000135080,63,"1、铝合金管
2、高精度高防水尼龙布画面
3、专用伸缩铝型材
4、含20CM边喷绘
5、设计费、制作及安装人工、铺料等","1、0.8mm厚铝合金管
2、600DPI，厚度550，高防水尼龙布
3、0.8mm厚铝合金伸缩臂
4、/
5、辅料为汽钉枪、螺丝、焊条等","2年
2年
2年
2年
/",元／平方米,47.7,2,4,2,2
ITEM1104M7000135146,64,不锈钢圆管,1.1（直径50mm）6米/根,2年,元／根,47.8,2,4,2,2
ITEM1104M7000135147,64,不锈钢圆管,1.2（直径76mm）6米/根,2年,元／根,47.9,2,4,2,2
ITEM1104M7000135092,65,铝合金拉网展架,3x3格，230cm*230cm常规尺寸,1年,元/个,48,2,4,2,2
ITEM1104M7000135091,65,软a板（含画面）,骨架为纯钢材质，画面为弹力布  尺寸2m*0.8m,1年,元／个,48.1,2,4,2,2
ITEM1104M7000135093,65,铁质门型展架（底座+支杆+画面）,0.8*1.8m,1年,元/套,48.2,2,4,2,2
ITEM1104M7000135148,66,PVC字,5mm,1年,元/厘米,48.3,2,4,2,2
ITEM1104M7000135149,66,PVC字,12mm,1年,元/厘米,48.4,2,4,2,2
ITEM1104M7000135150,66,PVC字,20mm,1年,元/厘米,48.5,2,4,2,2
ITEM1104M7000135152,66,迷你字,2厘米水晶板正面倒边雕刻，后背镂空，装LED模组，外封3毫米白色亚克力，按最长边计算,2年,元/厘米,48.6,2,4,2,2
ITEM1104M7000135153,66,平面不锈钢发光字,亚克力面板，侧边不锈钢封边，1m以下,2年,元/厘米,48.7,2,4,2,2
ITEM1104M7000135154,66,平面不锈钢发光字,亚克力面板，侧边不锈钢封边，单边1m以上,2年,元/平方米,48.8,2,4,2,2
ITEM1104M7000135151,66,无边字,铝边无边发光字，喷漆，装LED灯，按最长边计算,2年,元/厘米,48.9,2,4,2,2
ITEM1104T2000135283,8,超出20公里部分，只以单边计算，不限车型,过路费实报实销,/,元/公里,49,2,5,2,2
ITEM1104M7000135278,35,铜版纸（起订量1000张，1/2 A4纸张大小）,157克,0.5年,元/张,49.1,2,5,2,2
ITEM1104M7000135194,36,LED超薄灯箱,"LED，铝合金边框3.5，导光板0.4-0.5，亚克力板0.3-0.5，灯箱片,电源",1年,元／平方米,49.2,2,5,2,2
ITEM1104M7000135215,37,5mmKT板,不受规格限制,1年,元／平方米,49.3,2,5,2,2
ITEM1104M7000135216,37,5mm超卡板,不受规格限制,1年,元／平方米,49.4,2,5,2,2
ITEM1104M7000135214,37,5mm厚纸(塑)版,不受规格限制,1年,元／平方米,49.5,2,5,2,2
ITEM1104M7000135223,37,PVC板（雪弗板）,1.2m*2.4m*厚3mm,1年,元／平方米,49.6,2,5,2,2
ITEM1104M7000135224,37,PVC板（雪弗板）,1.2m*2.4m*厚5mm,1年,元／平方米,49.7,2,5,2,2
ITEM1104M7000135225,37,PVC板（雪弗板）,1.2m*2.4m*厚1CM,1年,元／平方米,49.8,2,5,2,2
ITEM1104M7000135226,37,PVC板（雪弗板）,1.2m*2.4m*厚2CM,1年,元／平方米,49.9,2,5,2,2
ITEM1104M7000135227,37,单面白中纤板,1.2*2.4m（厚1.2cm）,1年,元/张,50,2,5,2,2
ITEM1104M7000135228,37,单面白中纤板,1.2*2.4m（厚1.5cm）,1年,元/张,50.1,2,5,2,2
ITEM1104M7000135230,37,镀锌板含折板焊接刮灰打磨,规格：1.2mm；品牌非标,2年,元/平方米,50.2,2,5,2,2
ITEM1104M7000135221,37,分层板（做造型用）,3mm*1.2m*2.4m,1年,元／张,50.3,2,5,2,2
ITEM1104M7000135222,37,分层板（做造型用）,5mm*1.2m*2.4m,1年,元／张,50.4,2,5,2,2
ITEM1104M7000135229,37,钢化玻璃,T8mm/1.2*2.4米/张，含切割,1年,元/张,50.5,2,5,2,2
ITEM1104M7000135231,37,国产防火板 ,1.2m*2.4m*厚0.8mm,1年,元／张,50.6,2,5,2,2
ITEM1104M7000135217,37,铝塑板（双面铝皮）,1.2m*2.4m*厚3mm,1年,元／张,50.7,2,5,2,2
ITEM1104M7000135218,37,木工板（特殊复杂异形制作物人工费除外）,1.2m*2.4m*(厚1.0cm),1年,元／张,50.8,2,5,2,2
ITEM1104M7000135219,37,木工板（特殊复杂异形制作物人工费除外）,1.2m*2.4m*(厚1.5cm),1年,元／张,50.9,2,5,2,2
ITEM1104M7000135220,37,木工板（特殊复杂异形制作物人工费除外）,1.2m*2.4m*(厚1.8cm),1年,元／张,51,2,5,2,2
ITEM1104M7000135234,37,泡沫板,2cm,1年,元/平方米,51.1,2,5,2,2
ITEM1104M7000135235,37,泡沫板,5cm,1年,元/平方米,51.2,2,5,2,2
ITEM1104M7000135232,37,透明亚克力板（含异形切割）,1.2m*1.8m*厚3mm,1年,元／平方米,51.3,2,5,2,2
ITEM1104M7000135233,37,透明亚克力板（含异形切割）,1.2m*1.8m*厚5mm,1年,元／平方木,51.4,2,5,2,2
ITEM1104M7000135274,38,不锈钢包边（含折叠部分、人工、辅料等）,拉丝面0.6mm，用于灯箱包柱包边,1年,元/米,51.5,2,5,2,2
ITEM1104M7000135279,39,UV静电贴,UV平板印刷，宽幅1.5m以内，含材料及印刷,0.5年,元/平方米,51.6,2,5,2,2
ITEM1104M7000135273,40,布旗布（艺术布）,9.14 幅宽（加画面）,1年,元/平方米,51.7,2,5,2,2
ITEM1104M7000135182,41,"彩钢扣板,间距为材料宽度的70%","4*4cm角钢搭架+铝合金型材包边；
C型彩钢扣板+铝合金龙骨；
辅料：电源线、广告钉、膨胀螺栓、万能胶、工费安装费；",2年,元/平方米,51.8,2,5,2,2
ITEM1104M7000135282,42,双铜纸，,抽奖券正副券，打孔/压折印/编号，长18CM，宽7cm,0.5年,元/张,51.9,2,5,2,2
ITEM1104M7000135272,43,T4灯管,0.6米,1年,元/支,52,2,5,2,2
ITEM1104M7000135270,43,插座（公牛牌）,4孔插口，电线3米及以上,0.5年,元/个,52.1,2,5,2,2
ITEM1104M7000135262,43,灯带（带整流器）,普通单色,1年,元/米,52.2,2,5,2,2
ITEM1104M7000135263,43,灯带（带整流器）,彩色,1年,元/米,52.3,2,5,2,2
ITEM1104M7000135264,43,灯带（带整流器）,EL发光定型线/铜线+绝缘层+荧光层+透明层,1年,元/米,52.4,2,5,2,2
ITEM1104M7000135265,43,灯带（带整流器）,LED灯带/片,1年,元/米,52.5,2,5,2,2
ITEM1104M7000135269,43,电线（国产免检如：鸽牌、熊猫牌）铜芯,2.5平方,1年,元/米,52.6,2,5,2,2
ITEM1104M7000135266,43,定时器,依设定调节灯光电源开关时间,1年,元/个,52.7,2,5,2,2
ITEM1104M7000135271,43,开关（公牛牌）,纽扣开关,0.5年,元/个,52.8,2,5,2,2
ITEM1104M7000135267,43,跑马灯,1米6灯头+灯珠,0.5年,元/个,52.9,2,5,2,2
ITEM1104M7000135268,43,亚克力发光盒子,3mm亚克力UV喷折弯工艺双层+亚克力雕刻+LED灯带,1年,元/米,53,2,5,2,2
ITEM1104M7000135190,44,"1、高精度喷绘画面(科宝灯布户外专用)
2、真不锈钢包边（现折亚光拉丝）
3、角钢
4、菲利浦灯管（一拖二每套/M2，镇流器国产)
5、设计费、制作及安装人工、铺料等","1、600DPI，厚度520
2、3*3，0.8mm厚 
3、3*3，3mm厚，有防锈漆
4、40W(灯管长1M)
5、辅料为焊条、铆钉、膨胀螺丝等","1年
2年
2年
1年
1年",元／平方米,53.1,2,5,2,2
ITEM1104M7000135191,45,"1、高精度喷绘画面(科宝灯布户外专用)
2、真不锈钢包边（现折亚光拉丝）
3、角钢
4、菲利浦灯管（一拖二每套/M2，镇流器国产)
5、设计费、制作及安装人工、铺料等","1、600DPI，厚度520
2、3*3，0.8mm厚 
3、3*3，3mm厚，有防锈漆
4、40W(灯管长1M)
5、辅料为焊条、铆钉、膨胀螺丝等","1年
2年
2年
1年
1年",元／平方米,53.2,2,5,2,2
ITEM1104M7000135192,46,软膜灯箱,"铝合金作边框、铝塑板作为背板、led作光源、uv软膜室外灯箱，
正面面积计算",1年,元／平方米,53.3,2,5,2,2
ITEM1104M7000135193,46,软膜灯箱换布,uv软膜，720dpi,1年,元／平方米,53.4,2,5,2,2
ITEM1104M7000135179,47,"1、喷绘画面，不锈钢角边框
2、国际40角钢主体边框
3、配套及辅件","1、1喷绘600DPI，厚度520，不锈钢3*3，0.8mm厚  
2、厚度不超过40cm,超出部分另计
3、/","1年
2年
/",元／平方米,53.5,2,5,2,2
ITEM1104M7000135177,48,"1、高精度喷绘画面（科宝灯布户外专用）
2、真不锈钢包边（现折亚光拉丝）
3、角钢
4、设计费、制作及安装人工、铺料等","1、600DPI，厚度520
2、3*3，0.8mm厚 
3、3*3，3mm厚，有防锈漆
4、辅料为焊条、铆钉、膨胀螺丝等","1年
2年
2年
/",元／平方米,53.6,2,5,2,2
ITEM1104M7000135180,49,"1、双面喷绘，不锈钢磨砂边框
2、国标40角钢主体边框 两次防锈处理
3、配套及辅件","1、喷绘600DPI，厚度520，不锈钢3*3，0.8mm厚
2、厚度不超过40cm，超出部分另计
3、/","1年
2年
/",元／平方米,53.7,2,5,2,2
ITEM1104M7000135178,50,"1、高精度喷绘画面（科宝灯布户外专用）
2、真不锈钢包边（现折亚光拉丝）
3、设计费、制作及安装人工、铺料等","1、600DPI，厚度520
2、3*3，0.8mm厚 
3、辅料为焊条、铆钉、膨胀螺丝等","1年
2年
/",元／平方米,53.8,2,5,2,2
ITEM1104M7000135239,51,PVC板异形雕刻（人工费）,5mm PVC雕刻,1年,元/平方米,53.9,2,5,2,2
ITEM1104M7000135240,51,PVC板异形雕刻（人工费）,1cm PVC雕刻,1年,元/平方米,54,2,5,2,2
ITEM1104M7000135241,51,PVC板异形雕刻（人工费）,2cm PVC雕刻,1年,元/平方米,54.1,2,5,2,2
ITEM1104M7000135242,51,单面白中纤板雕刻（人工费）,1.2*2.4m（厚1.2cm）雕刻,1年,元/平方米,54.2,2,5,2,2
ITEM1104M7000135243,51,单面白中纤板雕刻（人工费）,1.2*2.4m（厚1.5cm）雕刻,1年,元/平方米,54.3,2,5,2,2
ITEM1104M7000135236,51,木工板异形雕刻（人工费）,1.2m*2.4m*（厚1.0cm）,1年,元/平方米,54.4,2,5,2,2
ITEM1104M7000135237,51,木工板异形雕刻（人工费）,1.2m*2.4m*（厚1.5cm）,1年,元/平方米,54.5,2,5,2,2
ITEM1104M7000135238,51,木工板异形雕刻（人工费）,1.2m*2.4m*（厚1.8cm）,1年,元/平方米,54.6,2,5,2,2
ITEM1104M7000135245,52,L30角钢，含孔货架（含螺丝、螺母配套）,3米/根厚30mm,2年,元／根,54.7,2,5,2,2
ITEM1104M7000135244,52,L40角钢（国标）,6米/根厚40mm,2年,元／根,54.8,2,5,2,2
ITEM1104M7000135249,52,不锈钢方管,20管（厚1mm）6米/根，管口直径2cm,2年,元／根,54.9,2,5,2,2
ITEM1104M7000135250,52,不锈钢方管,30管（厚2.5mm）6米/根，管口直径3cm,2年,元／根,55,2,5,2,2
ITEM1104M7000135246,52,镀锌管,规格：4CM*4CM；品牌非标,1年,元/米,55.1,2,5,2,2
ITEM1104M7000135247,52,镀锌管,规格：8CM*8CM；品牌非标,4年,元/米,55.2,2,5,2,2
ITEM1104M7000135248,52,镀锌管,规格：10CM*10CM；品牌非标,5年,元/米,55.3,2,5,2,2
ITEM1104M7000135251,52,木方（又名：木龙骨）,3M/根，3cm*4cm,1年,元／根,55.4,2,5,2,2
ITEM1104M7000135252,52,木方（又名：木龙骨）,3M/根，4cm*6cm,1年,元／根,55.5,2,5,2,2
ITEM1104M7000135189,53,"1、国标镀锌圆管（含包边）
2、高精度喷绘画面
3、不含20CM边喷绘
4、设计费、制作及安装人工、铺料等","1、主体结构6分镀锌管
2、600DPI，厚度550，黑白喷绘布
3、/
4、辅料为螺丝、焊条等","2年
2年
2年
/",元／平方米,55.6,2,5,2,2
ITEM1104M7000135280,54,铜板纸双面印刷+刮刮银（起订量2000张）,250g铜板纸双面印刷，规格9*5cm，含材料\印刷\刮刮银制作，不含其它工艺,0.5年,元/张,55.7,2,5,2,2
ITEM1104M7000135277,55,钢质桁架（含拆装费用）,2天以内，含2天,/,元/米/次,55.8,2,5,2,2
ITEM1104M7000135276,56,钢板烤漆,烤漆工艺,1年,元/平方米,55.9,2,5,2,2
ITEM1104M7000135275,56,木质烤漆,烤漆工艺,1年,元/平方米,56,2,5,2,2
ITEM1104M7000135195,57,高精度喷绘画面（科宝灯布户外专用）,600DPI，厚度520,1年,元／平方米,56.1,2,5,2,2
ITEM1104M7000135196,57,黑白布,600DPI，厚度450，黑白喷绘布,1年,元/平方米,56.2,2,5,2,2
ITEM1104M7000135197,57,网格布,600DPI，粗网格喷绘,1年,元/平方米,56.3,2,5,2,2
ITEM1104M7000135281,58,A4纸大小，横板,强磁台签亚克力材质含画面,0.5年,元/个,56.4,2,5,2,2
ITEM1104M7000135181,59,吸塑底座3层面合计报价 （与“街客品牌店”同样的店招材料）,"4*4cm角钢搭架+铝合金型材包边；
背板:5mm 阳光板+反光膜；
飞利浦灯管：2根/平米，40W/根  镇流器；
辅料：电源线、广告钉、膨胀螺栓、万能胶、工费安装费；",2年,元/平方米,56.5,2,5,2,2
ITEM1104M7000135185,60,吸塑字成型（内置光源加包边）,3mm亚克力吸塑成型（只算字本身最大距离，字间无间距），不足一米,2年,元/平方厘米,56.6,2,5,2,2
ITEM1104M7000135186,60,吸塑字成型（内置光源加包边）,3mm亚克力吸塑成型（只算字本身最大距离，字间无间距），一米以上含1米,2年,元/平方米,56.7,2,5,2,2
ITEM1104M7000135183,60,吸塑字成型（无内置光源）,3mm亚克力吸塑成型（只算字本身最大距离，字间无间距），不足一米,2年,元/平方厘米,56.8,2,5,2,2
ITEM1104M7000135184,60,吸塑字成型（无内置光源）,3mm亚克力吸塑成型（只算字本身最大距离，字间无间距），一米以上含1米,2年,元/平方米,56.9,2,5,2,2
ITEM1104M7000135207,61,EL发光贴,高清画面，移除不留胶,1年,元/平方米,57,2,5,2,2
ITEM1104M7000135210,61,pvc反光喷绘布/膜,面层高面子反光材料+底层PVC夹网布/背胶,1年,元/平方米,57.1,2,5,2,2
ITEM1104M7000135203,61,PVC硬片(加画面）,720DPI，1.5mm,1年,元／平方米,57.2,2,5,2,2
ITEM1104M7000135211,61,uv喷印,UV机喷印,1年,元/平方米,57.3,2,5,2,2
ITEM1104M7000135205,61,车身贴(国产),720DPI，宽幅.07m.1.27m,1年,元／平方米,57.4,2,5,2,2
ITEM1104M7000135204,61,灯片,720DPI，宽幅.07m.1.27m,1年,元／平方米,57.5,2,5,2,2
ITEM1104M7000135202,61,"户外写真背胶(黑背胶,厚约0.14mm)",720DPI，UV防紫外线（不褪色）,1年,元／平方米,57.6,2,5,2,2
ITEM1104M7000135206,61,磨砂贴,720DPI，宽幅.07m.1.27m,1年,元／平方米,57.7,2,5,2,2
ITEM1104M7000135208,61,软磁写真,材质：软磁，厚度0.7MM,1年,元/平方米,57.8,2,5,2,2
ITEM1104M7000135212,61,透明贴单透,720DPI，宽幅.07m.1.27m,1年,元／平方米,57.9,2,5,2,2
ITEM1104M7000135213,61,透明贴双透,720DPI，宽幅.07m.1.27m,1年,元／平方米,58,2,5,2,2
ITEM1104M7000135209,61,斜纹膜/不起边，不褪色无褶皱,120g/T0.13mm/1.2*2.4米/张（适用于车体广告、地贴、橱窗）,1年,元/平方米,58.1,2,5,2,2
ITEM1104M7000135201,61,写真画面,720DPI,1年,元／平方米,58.2,2,5,2,2
ITEM1104M7000135188,62,"1、国标镀锌圆管（含包边）
2、高精度喷绘画面
3、角钢
4、含20CM边喷绘
5、设计费、制作及安装人工、铺料等","1、主体结构6分镀锌管
2、600DPI，厚度550，黑白喷绘布
3、3*3，3mm厚，有防锈漆
4、/
5、辅料为汽钉枪、螺丝、焊条等","2年
2年
2年
2年
/",元／平方米,58.3,2,5,2,2
ITEM1104M7000135187,63,"1、铝合金管
2、高精度高防水尼龙布画面
3、专用伸缩铝型材
4、含20CM边喷绘
5、设计费、制作及安装人工、铺料等","1、0.8mm厚铝合金管
2、600DPI，厚度550，高防水尼龙布
3、0.8mm厚铝合金伸缩臂
4、/
5、辅料为汽钉枪、螺丝、焊条等","2年
2年
2年
2年
/",元／平方米,58.4,2,5,2,2
ITEM1104M7000135253,64,不锈钢圆管,1.1（直径50mm）6米/根,2年,元／根,58.5,2,5,2,2
ITEM1104M7000135254,64,不锈钢圆管,1.2（直径76mm）6米/根,2年,元／根,58.6,2,5,2,2
ITEM1104M7000135199,65,铝合金拉网展架,3x3格，230cm*230cm常规尺寸,1年,元/个,58.7,2,5,2,2
ITEM1104M7000135198,65,软a板（含画面）,骨架为纯钢材质，画面为弹力布  尺寸2m*0.8m,1年,元／个,58.8,2,5,2,2
ITEM1104M7000135200,65,铁质门型展架（底座+支杆+画面）,0.8*1.8m,1年,元/套,58.9,2,5,2,2
ITEM1104M7000135255,66,PVC字,5mm,1年,元/厘米,59,2,5,2,2
ITEM1104M7000135256,66,PVC字,12mm,1年,元/厘米,59.1,2,5,2,2
ITEM1104M7000135257,66,PVC字,20mm,1年,元/厘米,59.2,2,5,2,2
ITEM1104M7000135259,66,迷你字,2厘米水晶板正面倒边雕刻，后背镂空，装LED模组，外封3毫米白色亚克力，按最长边计算,2年,元/厘米,59.3,2,5,2,2
ITEM1104M7000135260,66,平面不锈钢发光字,亚克力面板，侧边不锈钢封边，1m以下,2年,元/厘米,59.4,2,5,2,2
ITEM1104M7000135261,66,平面不锈钢发光字,亚克力面板，侧边不锈钢封边，单边1m以上,2年,元/平方米,59.5,2,5,2,2
ITEM1104M7000135258,66,无边字,铝边无边发光字，喷漆，装LED灯，按最长边计算,2年,元/厘米,59.6,2,5,2,2
ITEM1104T2000135390,8,超出20公里部分，只以单边计算，不限车型,过路费实报实销,/,元/公里,59.7,2,6,2,2
ITEM1104M7000135385,35,铜版纸（起订量1000张，1/2 A4纸张大小）,157克,0.5年,元/张,59.8,2,6,2,2
ITEM1104M7000135301,36,LED超薄灯箱,"LED，铝合金边框3.5，导光板0.4-0.5，亚克力板0.3-0.5，灯箱片,电源",1年,元／平方米,59.9,2,6,2,2
ITEM1104M7000135322,37,5mmKT板,不受规格限制,1年,元／平方米,60,2,6,2,2
ITEM1104M7000135323,37,5mm超卡板,不受规格限制,1年,元／平方米,60.1,2,6,2,2
ITEM1104M7000135321,37,5mm厚纸(塑)版,不受规格限制,1年,元／平方米,60.2,2,6,2,2
ITEM1104M7000135330,37,PVC板（雪弗板）,1.2m*2.4m*厚3mm,1年,元／平方米,60.3,2,6,2,2
ITEM1104M7000135331,37,PVC板（雪弗板）,1.2m*2.4m*厚5mm,1年,元／平方米,60.4,2,6,2,2
ITEM1104M7000135332,37,PVC板（雪弗板）,1.2m*2.4m*厚1CM,1年,元／平方米,60.5,2,6,2,2
ITEM1104M7000135333,37,PVC板（雪弗板）,1.2m*2.4m*厚2CM,1年,元／平方米,60.6,2,6,2,2
ITEM1104M7000135334,37,单面白中纤板,1.2*2.4m（厚1.2cm）,1年,元/张,60.7,2,6,2,2
ITEM1104M7000135335,37,单面白中纤板,1.2*2.4m（厚1.5cm）,1年,元/张,60.8,2,6,2,2
ITEM1104M7000135337,37,镀锌板含折板焊接刮灰打磨,规格：1.2mm；品牌非标,2年,元/平方米,60.9,2,6,2,2
ITEM1104M7000135328,37,分层板（做造型用）,3mm*1.2m*2.4m,1年,元／张,61,2,6,2,2
ITEM1104M7000135329,37,分层板（做造型用）,5mm*1.2m*2.4m,1年,元／张,61.1,2,6,2,2
ITEM1104M7000135336,37,钢化玻璃,T8mm/1.2*2.4米/张，含切割,1年,元/张,61.2,2,6,2,2
ITEM1104M7000135338,37,国产防火板 ,1.2m*2.4m*厚0.8mm,1年,元／张,61.3,2,6,2,2
ITEM1104M7000135324,37,铝塑板（双面铝皮）,1.2m*2.4m*厚3mm,1年,元／张,61.4,2,6,2,2
ITEM1104M7000135325,37,木工板（特殊复杂异形制作物人工费除外）,1.2m*2.4m*(厚1.0cm),1年,元／张,61.5,2,6,2,2
ITEM1104M7000135326,37,木工板（特殊复杂异形制作物人工费除外）,1.2m*2.4m*(厚1.5cm),1年,元／张,61.6,2,6,2,2
ITEM1104M7000135327,37,木工板（特殊复杂异形制作物人工费除外）,1.2m*2.4m*(厚1.8cm),1年,元／张,61.7,2,6,2,2
ITEM1104M7000135341,37,泡沫板,2cm,1年,元/平方米,61.8,2,6,2,2
ITEM1104M7000135342,37,泡沫板,5cm,1年,元/平方米,61.9,2,6,2,2
ITEM1104M7000135339,37,透明亚克力板（含异形切割）,1.2m*1.8m*厚3mm,1年,元／平方米,62,2,6,2,2
ITEM1104M7000135340,37,透明亚克力板（含异形切割）,1.2m*1.8m*厚5mm,1年,元／平方木,62.1,2,6,2,2
ITEM1104M7000135381,38,不锈钢包边（含折叠部分、人工、辅料等）,拉丝面0.6mm，用于灯箱包柱包边,1年,元/米,62.2,2,6,2,2
ITEM1104M7000135386,39,UV静电贴,UV平板印刷，宽幅1.5m以内，含材料及印刷,0.5年,元/平方米,62.3,2,6,2,2
ITEM1104M7000135380,40,布旗布（艺术布）,9.14 幅宽（加画面）,1年,元/平方米,62.4,2,6,2,2
ITEM1104M7000135289,41,"彩钢扣板,间距为材料宽度的70%","4*4cm角钢搭架+铝合金型材包边；
C型彩钢扣板+铝合金龙骨；
辅料：电源线、广告钉、膨胀螺栓、万能胶、工费安装费；",2年,元/平方米,62.5,2,6,2,2
ITEM1104M7000135389,42,双铜纸，,抽奖券正副券，打孔/压折印/编号，长18CM，宽7cm,0.5年,元/张,62.6,2,6,2,2
ITEM1104M7000135379,43,T4灯管,0.6米,1年,元/支,62.7,2,6,2,2
ITEM1104M7000135377,43,插座（公牛牌）,4孔插口，电线3米及以上,0.5年,元/个,62.8,2,6,2,2
ITEM1104M7000135369,43,灯带（带整流器）,普通单色,1年,元/米,62.9,2,6,2,2
ITEM1104M7000135370,43,灯带（带整流器）,彩色,1年,元/米,63,2,6,2,2
ITEM1104M7000135371,43,灯带（带整流器）,EL发光定型线/铜线+绝缘层+荧光层+透明层,1年,元/米,63.1,2,6,2,2
ITEM1104M7000135372,43,灯带（带整流器）,LED灯带/片,1年,元/米,63.2,2,6,2,2
ITEM1104M7000135376,43,电线（国产免检如：鸽牌、熊猫牌）铜芯,2.5平方,1年,元/米,63.3,2,6,2,2
ITEM1104M7000135373,43,定时器,依设定调节灯光电源开关时间,1年,元/个,63.4,2,6,2,2
ITEM1104M7000135378,43,开关（公牛牌）,纽扣开关,0.5年,元/个,63.5,2,6,2,2
ITEM1104M7000135374,43,跑马灯,1米6灯头+灯珠,0.5年,元/个,63.6,2,6,2,2
ITEM1104M7000135375,43,亚克力发光盒子,3mm亚克力UV喷折弯工艺双层+亚克力雕刻+LED灯带,1年,元/米,63.7,2,6,2,2
ITEM1104M7000135297,44,"1、高精度喷绘画面(科宝灯布户外专用)
2、真不锈钢包边（现折亚光拉丝）
3、角钢
4、菲利浦灯管（一拖二每套/M2，镇流器国产)
5、设计费、制作及安装人工、铺料等","1、600DPI，厚度520
2、3*3，0.8mm厚 
3、3*3，3mm厚，有防锈漆
4、40W(灯管长1M)
5、辅料为焊条、铆钉、膨胀螺丝等","1年
2年
2年
1年
1年",元／平方米,63.8,2,6,2,2
ITEM1104M7000135298,45,"1、高精度喷绘画面(科宝灯布户外专用)
2、真不锈钢包边（现折亚光拉丝）
3、角钢
4、菲利浦灯管（一拖二每套/M2，镇流器国产)
5、设计费、制作及安装人工、铺料等","1、600DPI，厚度520
2、3*3，0.8mm厚 
3、3*3，3mm厚，有防锈漆
4、40W(灯管长1M)
5、辅料为焊条、铆钉、膨胀螺丝等","1年
2年
2年
1年
1年",元／平方米,63.9,2,6,2,2
ITEM1104M7000135299,46,软膜灯箱,"铝合金作边框、铝塑板作为背板、led作光源、uv软膜室外灯箱，
正面面积计算",1年,元／平方米,64,2,6,2,2
ITEM1104M7000135300,46,软膜灯箱换布,uv软膜，720dpi,1年,元／平方米,64.1,2,6,2,2
ITEM1104M7000135286,47,"1、喷绘画面，不锈钢角边框
2、国际40角钢主体边框
3、配套及辅件","1、1喷绘600DPI，厚度520，不锈钢3*3，0.8mm厚  
2、厚度不超过40cm,超出部分另计
3、/","1年
2年
/",元／平方米,64.2,2,6,2,2
ITEM1104M7000135284,48,"1、高精度喷绘画面（科宝灯布户外专用）
2、真不锈钢包边（现折亚光拉丝）
3、角钢
4、设计费、制作及安装人工、铺料等","1、600DPI，厚度520
2、3*3，0.8mm厚 
3、3*3，3mm厚，有防锈漆
4、辅料为焊条、铆钉、膨胀螺丝等","1年
2年
2年
/",元／平方米,64.3,2,6,2,2
ITEM1104M7000135287,49,"1、双面喷绘，不锈钢磨砂边框
2、国标40角钢主体边框 两次防锈处理
3、配套及辅件","1、喷绘600DPI，厚度520，不锈钢3*3，0.8mm厚
2、厚度不超过40cm，超出部分另计
3、/","1年
2年
/",元／平方米,64.4,2,6,2,2
ITEM1104M7000135285,50,"1、高精度喷绘画面（科宝灯布户外专用）
2、真不锈钢包边（现折亚光拉丝）
3、设计费、制作及安装人工、铺料等","1、600DPI，厚度520
2、3*3，0.8mm厚 
3、辅料为焊条、铆钉、膨胀螺丝等","1年
2年
/",元／平方米,64.5,2,6,2,2
ITEM1104M7000135346,51,PVC板异形雕刻（人工费）,5mm PVC雕刻,1年,元/平方米,64.6,2,6,2,2
ITEM1104M7000135347,51,PVC板异形雕刻（人工费）,1cm PVC雕刻,1年,元/平方米,64.7,2,6,2,2
ITEM1104M7000135348,51,PVC板异形雕刻（人工费）,2cm PVC雕刻,1年,元/平方米,64.8,2,6,2,2
ITEM1104M7000135349,51,单面白中纤板雕刻（人工费）,1.2*2.4m（厚1.2cm）雕刻,1年,元/平方米,64.9,2,6,2,2
ITEM1104M7000135350,51,单面白中纤板雕刻（人工费）,1.2*2.4m（厚1.5cm）雕刻,1年,元/平方米,65,2,6,2,2
ITEM1104M7000135343,51,木工板异形雕刻（人工费）,1.2m*2.4m*（厚1.0cm）,1年,元/平方米,65.1,2,6,2,2
ITEM1104M7000135344,51,木工板异形雕刻（人工费）,1.2m*2.4m*（厚1.5cm）,1年,元/平方米,65.2,2,6,2,2
ITEM1104M7000135345,51,木工板异形雕刻（人工费）,1.2m*2.4m*（厚1.8cm）,1年,元/平方米,65.3,2,6,2,2
ITEM1104M7000135352,52,L30角钢，含孔货架（含螺丝、螺母配套）,3米/根厚30mm,2年,元／根,65.4,2,6,2,2
ITEM1104M7000135351,52,L40角钢（国标）,6米/根厚40mm,2年,元／根,65.5,2,6,2,2
ITEM1104M7000135356,52,不锈钢方管,20管（厚1mm）6米/根，管口直径2cm,2年,元／根,65.6,2,6,2,2
ITEM1104M7000135357,52,不锈钢方管,30管（厚2.5mm）6米/根，管口直径3cm,2年,元／根,65.7,2,6,2,2
ITEM1104M7000135353,52,镀锌管,规格：4CM*4CM；品牌非标,1年,元/米,65.8,2,6,2,2
ITEM1104M7000135354,52,镀锌管,规格：8CM*8CM；品牌非标,4年,元/米,65.9,2,6,2,2
ITEM1104M7000135355,52,镀锌管,规格：10CM*10CM；品牌非标,5年,元/米,66,2,6,2,2
ITEM1104M7000135358,52,木方（又名：木龙骨）,3M/根，3cm*4cm,1年,元／根,66.1,2,6,2,2
ITEM1104M7000135359,52,木方（又名：木龙骨）,3M/根，4cm*6cm,1年,元／根,66.2,2,6,2,2
ITEM1104M7000135296,53,"1、国标镀锌圆管（含包边）
2、高精度喷绘画面
3、不含20CM边喷绘
4、设计费、制作及安装人工、铺料等","1、主体结构6分镀锌管
2、600DPI，厚度550，黑白喷绘布
3、/
4、辅料为螺丝、焊条等","2年
2年
2年
/",元／平方米,66.3,2,6,2,2
ITEM1104M7000135387,54,铜板纸双面印刷+刮刮银（起订量2000张）,250g铜板纸双面印刷，规格9*5cm，含材料\印刷\刮刮银制作，不含其它工艺,0.5年,元/张,66.4,2,6,2,2
ITEM1104M7000135384,55,钢质桁架（含拆装费用）,2天以内，含2天,/,元/米/次,66.5,2,6,2,2
ITEM1104M7000135383,56,钢板烤漆,烤漆工艺,1年,元/平方米,66.6,2,6,2,2
ITEM1104M7000135382,56,木质烤漆,烤漆工艺,1年,元/平方米,66.7,2,6,2,2
ITEM1104M7000135302,57,高精度喷绘画面（科宝灯布户外专用）,600DPI，厚度520,1年,元／平方米,66.8,2,6,2,2
ITEM1104M7000135303,57,黑白布,600DPI，厚度450，黑白喷绘布,1年,元/平方米,66.9,2,6,2,2
ITEM1104M7000135304,57,网格布,600DPI，粗网格喷绘,1年,元/平方米,67,2,6,2,2
ITEM1104M7000135388,58,A4纸大小，横板,强磁台签亚克力材质含画面,0.5年,元/个,67.1,2,6,2,2
ITEM1104M7000135288,59,吸塑底座3层面合计报价 （与“街客品牌店”同样的店招材料）,"4*4cm角钢搭架+铝合金型材包边；
背板:5mm 阳光板+反光膜；
飞利浦灯管：2根/平米，40W/根  镇流器；
辅料：电源线、广告钉、膨胀螺栓、万能胶、工费安装费；",2年,元/平方米,67.2,2,6,2,2
ITEM1104M7000135292,60,吸塑字成型（内置光源加包边）,3mm亚克力吸塑成型（只算字本身最大距离，字间无间距），不足一米,2年,元/平方厘米,67.3,2,6,2,2
ITEM1104M7000135293,60,吸塑字成型（内置光源加包边）,3mm亚克力吸塑成型（只算字本身最大距离，字间无间距），一米以上含1米,2年,元/平方米,67.4,2,6,2,2
ITEM1104M7000135290,60,吸塑字成型（无内置光源）,3mm亚克力吸塑成型（只算字本身最大距离，字间无间距），不足一米,2年,元/平方厘米,67.5,2,6,2,2
ITEM1104M7000135291,60,吸塑字成型（无内置光源）,3mm亚克力吸塑成型（只算字本身最大距离，字间无间距），一米以上含1米,2年,元/平方米,67.6,2,6,2,2
ITEM1104M7000135314,61,EL发光贴,高清画面，移除不留胶,1年,元/平方米,67.7,2,6,2,2
ITEM1104M7000135317,61,pvc反光喷绘布/膜,面层高面子反光材料+底层PVC夹网布/背胶,1年,元/平方米,67.8,2,6,2,2
ITEM1104M7000135310,61,PVC硬片(加画面）,720DPI，1.5mm,1年,元／平方米,67.9,2,6,2,2
ITEM1104M7000135318,61,uv喷印,UV机喷印,1年,元/平方米,68,2,6,2,2
ITEM1104M7000135312,61,车身贴(国产),720DPI，宽幅.07m.1.27m,1年,元／平方米,68.1,2,6,2,2
ITEM1104M7000135311,61,灯片,720DPI，宽幅.07m.1.27m,1年,元／平方米,68.2,2,6,2,2
ITEM1104M7000135309,61,"户外写真背胶(黑背胶,厚约0.14mm)",720DPI，UV防紫外线（不褪色）,1年,元／平方米,68.3,2,6,2,2
ITEM1104M7000135313,61,磨砂贴,720DPI，宽幅.07m.1.27m,1年,元／平方米,68.4,2,6,2,2
ITEM1104M7000135315,61,软磁写真,材质：软磁，厚度0.7MM,1年,元/平方米,68.5,2,6,2,2
ITEM1104M7000135319,61,透明贴单透,720DPI，宽幅.07m.1.27m,1年,元／平方米,68.6,2,6,2,2
ITEM1104M7000135320,61,透明贴双透,720DPI，宽幅.07m.1.27m,1年,元／平方米,68.7,2,6,2,2
ITEM1104M7000135316,61,斜纹膜/不起边，不褪色无褶皱,120g/T0.13mm/1.2*2.4米/张（适用于车体广告、地贴、橱窗）,1年,元/平方米,68.8,2,6,2,2
ITEM1104M7000135308,61,写真画面,720DPI,1年,元／平方米,68.9,2,6,2,2
ITEM1104M7000135295,62,"1、国标镀锌圆管（含包边）
2、高精度喷绘画面
3、角钢
4、含20CM边喷绘
5、设计费、制作及安装人工、铺料等","1、主体结构6分镀锌管
2、600DPI，厚度550，黑白喷绘布
3、3*3，3mm厚，有防锈漆
4、/
5、辅料为汽钉枪、螺丝、焊条等","2年
2年
2年
2年
/",元／平方米,69,2,6,2,2
ITEM1104M7000135294,63,"1、铝合金管
2、高精度高防水尼龙布画面
3、专用伸缩铝型材
4、含20CM边喷绘
5、设计费、制作及安装人工、铺料等","1、0.8mm厚铝合金管
2、600DPI，厚度550，高防水尼龙布
3、0.8mm厚铝合金伸缩臂
4、/
5、辅料为汽钉枪、螺丝、焊条等","2年
2年
2年
2年
/",元／平方米,69.1,2,6,2,2
ITEM1104M7000135360,64,不锈钢圆管,1.1（直径50mm）6米/根,2年,元／根,69.2,2,6,2,2
ITEM1104M7000135361,64,不锈钢圆管,1.2（直径76mm）6米/根,2年,元／根,69.3,2,6,2,2
ITEM1104M7000135306,65,铝合金拉网展架,3x3格，230cm*230cm常规尺寸,1年,元/个,69.4,2,6,2,2
ITEM1104M7000135305,65,软a板（含画面）,骨架为纯钢材质，画面为弹力布  尺寸2m*0.8m,1年,元／个,69.5,2,6,2,2
ITEM1104M7000135307,65,铁质门型展架（底座+支杆+画面）,0.8*1.8m,1年,元/套,69.6,2,6,2,2
ITEM1104M7000135362,66,PVC字,5mm,1年,元/厘米,69.7,2,6,2,2
ITEM1104M7000135363,66,PVC字,12mm,1年,元/厘米,69.8,2,6,2,2
ITEM1104M7000135364,66,PVC字,20mm,1年,元/厘米,69.9,2,6,2,2
ITEM1104M7000135366,66,迷你字,2厘米水晶板正面倒边雕刻，后背镂空，装LED模组，外封3毫米白色亚克力，按最长边计算,2年,元/厘米,70,2,6,2,2
ITEM1104M7000135367,66,平面不锈钢发光字,亚克力面板，侧边不锈钢封边，1m以下,2年,元/厘米,70.1,2,6,2,2
ITEM1104M7000135368,66,平面不锈钢发光字,亚克力面板，侧边不锈钢封边，单边1m以上,2年,元/平方米,70.2,2,6,2,2
ITEM1104M7000135365,66,无边字,铝边无边发光字，喷漆，装LED灯，按最长边计算,2年,元/厘米,70.3,2,6,2,2
