标准名,别名,简单的筛选说明,供应商价格名称,有效开始日期,有效结束日期,年度,供应商价格类型,供应商编码,供应商名称,事业编码,费用类别,行销公司,营业部,服务费率,税率描述,代码,供应商价格项目编号,费用类型,类别,项目,说明1,说明2,要素分解,备注,单位,未税单价
name,alias,desc,supplier_info,available_date_start,available_date_end,year,supplier_price_type,supplier_code,supplier_name,business_code,fee_type,company_sales,department,fee,tax,code,item_no,cate,category,specification,description,extra,factors,remark,unit,price
店招,门头、招牌,全新制作，普通 3*3,2022年度***报价单,2022-01-01 00:00:00,2022-12-31 00:00:00,2022,售点,1501570,重庆奥策广告有限公司,1104,CP,重庆行销区域,主城部,0,6%进项税,DZ01,ITEM1104M7000636496,制作物费,店招（普通）,高精度喷绘画面（科宝灯布户外专用）；真不锈钢包边（现折亚光拉丝）；角钢；设计费、制作及安装人工、铺料等；计算方式：长*宽,600DPI，厚度550；3*3，0.8mm厚 ；3*3，3mm厚，有防锈漆；辅料为焊条、铆钉、膨胀螺丝等,质保期：1年；2年；2年,,,元／平方米,90
店招,,店招换布，不含骨架 3*3,2022年度***报价单,2022-01-01 00:00:00,2022-12-31 00:00:00,2022,售点,1501570,重庆奥策广告有限公司,1104,CP,重庆行销区域,主城部,0,6%进项税,DZ02,ITEM1104M7000636497,制作物费,店招换布,高精度喷绘画面（科宝灯布户外专用）；真不锈钢包边（现折亚光拉丝）；设计费、制作及安装人工、铺料等；计算方式：长*宽,600DPI，厚度550；3*3，0.8mm厚 ；辅料为焊条、铆钉、膨胀螺丝等,质保期：1年；2年,,,元／平方米,40
店招,,双面假灯箱（计算方式见详情）,2022年度***报价单,2022-01-01 00:00:00,2022-12-31 00:00:00,2022,售点,1501570,重庆奥策广告有限公司,1104,CP,重庆行销区域,主城部,0,6%进项税,DZ03,ITEM1104M7000636498,制作物费,"店招
（双面假灯箱）",双面喷绘，不锈钢磨砂边框；国标40角钢主体边框 两次防锈处理；配套及辅件；计算方式：厚40cm以下，只计算长*宽；超过40cm部分，（长+超出长度）*（宽+超出宽度）,计算方式：厚40cm以下，只计算长*宽；超过40cm部分，（长+超出长度）*（宽+超出宽度）；厚度不超过40cm，超出部分另计,质保期：1年；2年,,计算方式：厚40cm以下，只计算长*宽；超过40cm部分，（长+超出长度）*（宽+超出宽度）；厚度不超过40cm，超出部分另计,元／平方米,110
店招,,吸塑店招底座,2022年度***报价单,2022-01-01 00:00:00,2022-12-31 00:00:00,2022,售点,1501570,重庆奥策广告有限公司,1104,CP,重庆行销区域,主城部,0,6%进项税,DZ04,ITEM1104M7000636499,制作物费,吸塑店招底座,吸塑底座3层面合计报价 （与“街客品牌店”同样的店招材料）,4*4cm角钢搭架+铝合金型材包边；背板:5mm 阳光板+反光膜；飞利浦灯管：2根/平米，40W/根  镇流器；辅料:电源线、广告钉、膨胀螺栓、万能胶、工费安装费，面积计算：长*宽,质保期：2年,,,元／平方米,550
店招,,彩钢店招底座,2022年度***报价单,2022-01-01 00:00:00,2022-12-31 00:00:00,2022,售点,1501570,重庆奥策广告有限公司,1104,CP,重庆行销区域,主城部,0,6%进项税,DZ05,ITEM1104M7000636500,制作物费,彩钢店招底座,彩钢扣板，间距为材料宽度的70%,4*4cm角钢搭架+铝合金型材包边；C型彩钢扣板+铝合金龙骨；辅料:电源线、广告钉、膨胀螺栓、万能胶、工费安装费，面积计算：长*宽,质保期：2年,,,平方米,150
吸塑字,,不足一米,2022年度***报价单,2022-01-01 00:00:00,2022-12-31 00:00:00,2022,售点,1501570,重庆奥策广告有限公司,1104,CP,重庆行销区域,主城部,0,6%进项税,XS01,ITEM1104M7000636501,制作物费,吸塑字（不足一米）,吸塑字成型（内置光源加包边）,3mm亚克力吸塑成型（只算字本身最大距离，字间无间距），不足一米,质保期：2年,,,元/平方厘米,5
吸塑字,发光字,一米以上含1米,2022年度***报价单,2022-01-01 00:00:00,2022-12-31 00:00:00,2022,售点,1501570,重庆奥策广告有限公司,1104,CP,重庆行销区域,主城部,0,6%进项税,XS02,ITEM1104M7000636502,制作物费,吸塑字（一米以上含1米）,吸塑字成型（内置光源加包边）,3mm亚克力吸塑成型（只算字本身最大距离，字间无间距），一米以上含1米,质保期：2年,,,元/平方米,480
雨篷,雨棚,伸缩,2022年度***报价单,2022-01-01 00:00:00,2022-12-31 00:00:00,2022,售点,1501570,重庆奥策广告有限公司,1104,CP,重庆行销区域,主城部,0,6%进项税,YP01,ITEM1104M7000636503,制作物费,雨篷（伸缩）,铝合金管；铝合金管；专用伸缩铝型材；含20CM边喷绘；设计费、制作及安装人工、铺料等；计算方式：雨棚倾斜面积长*宽,0.8mm厚铝合金管；600DPI，厚度550，高防水尼龙布；0.8mm厚铝合金伸缩臂；；辅料为汽钉枪、螺丝、焊条等,质保期：2年；2年；2年；2年,,,元/平方米,145
雨篷,,固定,2022年度***报价单,2022-01-01 00:00:00,2022-12-31 00:00:00,2022,售点,1501570,重庆奥策广告有限公司,1104,CP,重庆行销区域,主城部,0,6%进项税,YP02,ITEM1104M7000636504,制作物费,雨篷（固定）,计算方式：雨棚倾斜面积长*宽国标镀锌圆管（含包边）；高精度高防水尼龙布画面；角钢；含20CM边喷绘；设计费、制作及安装人工、铺料等；,主体结构6分镀锌管；600DPI，厚度550，高防水尼龙布；3*3，3mm厚，有防锈漆；；辅料为汽钉枪、螺丝、焊条等,质保期：2年；2年；2年；2年,,,元/平方米,95
雨篷,,固定雨篷换画面,2022年度***报价单,2022-01-01 00:00:00,2022-12-31 00:00:00,2022,售点,1501570,重庆奥策广告有限公司,1104,CP,重庆行销区域,主城部,0,6%进项税,YP03,ITEM1104M7000636505,制作物费,固定雨篷换画面,计算方式：雨棚倾斜面积长*宽国标镀锌圆管（含包边）；高精度高防水尼龙布画面；不含20CM边喷绘；设计费、制作及安装人工、铺料等；,主体结构6分镀锌管；600DPI，厚度550，高防水尼龙布；；辅料为汽钉枪、螺丝、焊条等,质保期：2年；2年；2年,,,元/平方米,48
雨篷,,伸缩雨篷换布,2022年度***报价单,2022-01-01 00:00:00,2022-12-31 00:00:00,2022,售点,1501570,重庆奥策广告有限公司,1104,CP,重庆行销区域,主城部,0,6%进项税,YP04,ITEM1104M7000636506,制作物费,伸缩雨篷换布,高精度高防水尼龙布画面；不含20CM边喷绘；设计费、制作及安装人工、铺料等；计算方式：雨棚布整个面积长*宽,600DPI，厚度550，高防水尼龙布；；辅料为汽钉枪、螺丝、焊条等；辅料为螺丝、焊条等,质保期：2年；2年,,,元/平方米,60
雨篷,,自贩机雨棚（尼龙布）,2022年度***报价单,2022-01-01 00:00:00,2022-12-31 00:00:00,2022,售点,1501570,重庆奥策广告有限公司,1104,CP,重庆行销区域,主城部,0,6%进项税,ZY01,ITEM1104M7000636507,制作物费,自贩机雨棚（尼龙布）,支架为全镀锌加厚管材，加粗加厚，坚固耐用，不易变形；专用户外防水尼龙布，比普通布更耐用（防水、防晒、耐磨，抗老化）有多种颜色可供用选择；印刷logo/图案；设计费、制作及安装人工、铺料、电焊、弯曲等；两侧固定式，落实固定，可灵活拆取；计算方式：雨棚整个面积最长边*最宽边,25管（厚2.5mm）6米/根，管口直径2.5cm；600DPI，厚度550，高防水尼龙布；UV打印；辅料为螺丝、焊条，玻璃胶等…,质保期：2年；2年；1年,,,元/平方米,800
雨篷,,自贩机雨棚（钢质）,2022年度***报价单,2022-01-01 00:00:00,2022-12-31 00:00:00,2022,售点,1501570,重庆奥策广告有限公司,1104,CP,重庆行销区域,主城部,0,6%进项税,ZY02,ITEM1104M7000636508,制作物费,自贩机雨棚（钢质）,镀锌方管；镀锌板；钢板烤漆；LOGO喷印；设计费、制作及安装人工、铺料、电焊、弯曲等；计算方式：雨棚整个面积最长边*最宽边,25管（厚2.5mm）6米/根，管口直径2.5cm；1.0m*2.0m*厚0.3mm；烤漆工艺；喷漆；辅料为螺丝、焊条等,质保期：2年；1年；1年；1年,,,元/平方米,900
灯箱,,双面普通,2022年度***报价单,2022-01-01 00:00:00,2022-12-31 00:00:00,2022,售点,1501570,重庆奥策广告有限公司,1104,CP,重庆行销区域,主城部,0,6%进项税,DX01,ITEM1104M7000636509,制作物费,灯箱类（双面普通）,高精度喷绘画面（科宝灯布户外专用）；真不锈钢包边（现折亚光拉丝）；角钢；菲利浦灯管（一拖二每套/M2，镇流器国产）；设计费、制作及安装人工、铺料等；计算方式：厚40cm以下，只计算长*宽；超过40cm部分，（长+超出长度）*（宽+超出宽度）,600DPI，厚度520；3*3，0.8mm厚 ；3*3，3mm厚，有防锈漆；40W（灯管长1m）；辅料为焊条、铆钉、膨胀螺丝、电线、插板等,质保期：1年；2年；2年；1年,,,元/平方米,135
灯箱,,超薄灯箱,2022年度***报价单,2022-01-01 00:00:00,2022-12-31 00:00:00,2022,售点,1501570,重庆奥策广告有限公司,1104,CP,重庆行销区域,主城部,0,6%进项税,DX02,ITEM1104M7000636510,制作物费,LED超薄灯箱,LED超薄灯箱,LED，铝合金边框3.5，导光板0.4-0.5，亚克力板0.3-0.5，灯箱片，电源,1年,,,元／平方米,410
灯箱,,卡布灯箱,2022年度***报价单,2022-01-01 00:00:00,2022-12-31 00:00:00,2022,售点,1501570,重庆奥策广告有限公司,1104,CP,重庆行销区域,主城部,0,6%进项税,DX03,ITEM1104M7000636511,制作物费,卡布灯箱,卡布灯箱,型材+UV软膜+LED灯,2年,,,元／平方米,600
喷绘,,普通喷绘,2022年度***报价单,2022-01-01 00:00:00,2022-12-31 00:00:00,2022,售点,1501570,重庆奥策广告有限公司,1104,CP,重庆行销区域,主城部,0,6%进项税,PH01,ITEM1104M7000636512,制作物费,喷绘类,高精度喷绘画面（科宝灯布户外专用）,600DPI，厚度550,1年,,,元／平方米,18
喷绘,,黑底喷绘,2022年度***报价单,2022-01-01 00:00:00,2022-12-31 00:00:00,2022,售点,1501570,重庆奥策广告有限公司,1104,CP,重庆行销区域,主城部,0,6%进项税,PH02,ITEM1104M7000636513,制作物费,喷绘类,黑底高精度喷绘画面,600DPI，厚度550,1年,,,元／平方米,20
展架,,韩式Ｘ展架（不含画面）,2022年度***报价单,2022-01-01 00:00:00,2022-12-31 00:00:00,2022,售点,1501570,重庆奥策广告有限公司,1104,CP,重庆行销区域,主城部,0,6%进项税,ZJ01,ITEM1104M7000636514,制作物费,展架类,韩式Ｘ展架（不含画面）,0.8m*1.8m,1年,,,元／套,24
展架,,画架（不含画面）,2022年度***报价单,2022-01-01 00:00:00,2022-12-31 00:00:00,2022,售点,1501570,重庆奥策广告有限公司,1104,CP,重庆行销区域,主城部,0,6%进项税,ZJ02,ITEM1104M7000636515,制作物费,展架类,画架（不含画面）,木质,1年,,,元／套,55
展架,,人形立牌支架（不含画面）,2022年度***报价单,2022-01-01 00:00:00,2022-12-31 00:00:00,2022,售点,1501570,重庆奥策广告有限公司,1104,CP,重庆行销区域,主城部,0,6%进项税,ZJ03,ITEM1104M7000636516,制作物费,展架类,人形立牌支架（不含画面）,3#角铁,1年,,,元／个,16
展架,铁质画架,H型展架（不含画面）,2022年度***报价单,2022-01-01 00:00:00,2022-12-31 00:00:00,2022,售点,1501570,重庆奥策广告有限公司,1104,CP,重庆行销区域,主城部,0,6%进项税,ZJ04,ITEM1104M7000636517,制作物费,展架类,H型展架,黑色/白色 铁质烤漆 高1.12m-2m,1年,,,元／个,65
展架,门型架,门型架 0.8*1.8m（含画面）,2022年度***报价单,2022-01-01 00:00:00,2022-12-31 00:00:00,2022,售点,1501570,重庆奥策广告有限公司,1104,CP,重庆行销区域,主城部,0,6%进项税,ZJ05,ITEM1104M7000636518,制作物费,展架类,铁质门型展架（底座+支杆+画面）,0.8*1.8m,1年,,,元/套,90
展架,门型架,门型架 1.2*2m（含画面）,2022年度***报价单,2022-01-01 00:00:00,2022-12-31 00:00:00,2022,售点,1501570,重庆奥策广告有限公司,1104,CP,重庆行销区域,主城部,0,6%进项税,ZJ06,ITEM1104M7000636519,制作物费,展架类,铁质门型展架（底座+支杆+画面）,1.2*2m,1年,,,元/套,160
写真背胶,,室内写真,2022年度***报价单,2022-01-01 00:00:00,2022-12-31 00:00:00,2022,售点,1501570,重庆奥策广告有限公司,1104,CP,重庆行销区域,主城部,0,6%进项税,XZ01,ITEM1104M7000636520,制作物费,写真类,写真画面,720DPI,1年,,,元／平方米,24
UV,,UV打印,2022年度***报价单,2022-01-01 00:00:00,2022-12-31 00:00:00,2022,售点,1501570,重庆奥策广告有限公司,1104,CP,重庆行销区域,主城部,0,6%进项税,XZ02,ITEM1104M7000636521,制作物费,写真类,UV打印,720DPI（不含材料）,1年,,,元／平方米,50
户外写真,,户外写真,2022年度***报价单,2022-01-01 00:00:00,2022-12-31 00:00:00,2022,售点,1501570,重庆奥策广告有限公司,1104,CP,重庆行销区域,主城部,0,6%进项税,XZ03,ITEM1104M7000636522,制作物费,写真类,户外写真背胶（黑背胶，厚约0.14mm）,720DPI，UV防紫外线（不褪色）,1年,,,元／平方米,35
PVC硬片,,PVC硬片（加画面）,2022年度***报价单,2022-01-01 00:00:00,2022-12-31 00:00:00,2022,售点,1501570,重庆奥策广告有限公司,1104,CP,重庆行销区域,主城部,0,6%进项税,XZ04,ITEM1104M7000636523,制作物费,写真类,PVC硬片（加画面）,720DPI，1.5mm,1年,,,元／平方米,38
灯片,,灯片,2022年度***报价单,2022-01-01 00:00:00,2022-12-31 00:00:00,2022,售点,1501570,重庆奥策广告有限公司,1104,CP,重庆行销区域,主城部,0,6%进项税,XZ05,ITEM1104M7000636524,制作物费,写真类,灯片,720DPI，门幅107CM，127CM,1年,,,元／平方米,31
透明贴,,透明贴 单透,2022年度***报价单,2022-01-01 00:00:00,2022-12-31 00:00:00,2022,售点,1501570,重庆奥策广告有限公司,1104,CP,重庆行销区域,主城部,0,6%进项税,XZ06,ITEM1104M7000636525,制作物费,写真类,透明贴单透,720DPI，门幅107CM，127CM,1年,,,元／平方米,35
车贴,,可移除车贴,2022年度***报价单,2022-01-01 00:00:00,2022-12-31 00:00:00,2022,售点,1501570,重庆奥策广告有限公司,1104,CP,重庆行销区域,主城部,0,6%进项税,XZ07,ITEM1104M7000636526,制作物费,写真类,可移除车贴,110g背胶车贴，裱光膜/哑膜,1年,,,元／平方米,40
车贴,斜纹车贴,斜纹膜车贴,2022年度***报价单,2022-01-01 00:00:00,2022-12-31 00:00:00,2022,售点,1501570,重庆奥策广告有限公司,1104,CP,重庆行销区域,主城部,0,6%进项税,XZ08,ITEM1104M7000636527,制作物费,写真类,斜纹膜车贴,110g背胶车贴，裱220g斜纹地板膜,1年,,,元／平方米,55
车贴,,3M灰底车贴,2022年度***报价单,2022-01-01 00:00:00,2022-12-31 00:00:00,2022,售点,1501570,重庆奥策广告有限公司,1104,CP,重庆行销区域,主城部,0,6%进项税,XZ09,ITEM1104M7000636528,制作物费,写真类,3M灰底车贴,3M黑/白背胶车贴，精喷，打印精度4pass,1年,,,元／平方米,50
透明贴,,透明贴 全透,2022年度***报价单,2022-01-01 00:00:00,2022-12-31 00:00:00,2022,售点,1501570,重庆奥策广告有限公司,1104,CP,重庆行销区域,主城部,0,6%进项税,XZ10,ITEM1104M7000636529,制作物费,写真类,透明贴,120g背胶写真，裱光膜/哑膜,1年,,,元／平方米,90
静电贴,,静电贴（UV）,2022年度***报价单,2022-01-01 00:00:00,2022-12-31 00:00:00,2022,售点,1501570,重庆奥策广告有限公司,1104,CP,重庆行销区域,主城部,0,6%进项税,XZ11,ITEM1104M7000636530,制作物费,写真类,静电贴（UV）,静电膜，裱光膜,1年,,,元／平方米,105
KT板,,5mmKT板 不含画面,2022年度***报价单,2022-01-01 00:00:00,2022-12-31 00:00:00,2022,售点,1501570,重庆奥策广告有限公司,1104,CP,重庆行销区域,主城部,0,6%进项税,BC01,ITEM1104M7000636531,制作物费,板材类,5mmKT板,不受规格限制,1年,,,元／平方米,11
超卡板,,5mm超卡板 不含画面,2022年度***报价单,2022-01-01 00:00:00,2022-12-31 00:00:00,2022,售点,1501570,重庆奥策广告有限公司,1104,CP,重庆行销区域,主城部,0,6%进项税,BC02,ITEM1104M7000636532,制作物费,板材类,5mm超卡板,不受规格限制,1年,,,元／平方米,20
铝塑板,,铝塑板（双面铝皮） 不含画面,2022年度***报价单,2022-01-01 00:00:00,2022-12-31 00:00:00,2022,售点,1501570,重庆奥策广告有限公司,1104,CP,重庆行销区域,主城部,0,6%进项税,BC03,ITEM1104M7000636533,制作物费,板材类,铝塑板（双面铝皮）,1.2m*2.4m*厚3mm,1年,,,元／张,70
镀锌板,,镀锌板 不含画面,2022年度***报价单,2022-01-01 00:00:00,2022-12-31 00:00:00,2022,售点,1501570,重庆奥策广告有限公司,1104,CP,重庆行销区域,主城部,0,6%进项税,BC04,ITEM1104M7000636534,制作物费,板材类,镀锌板,1.0m*2.0m*厚0.3mm,1年,,,元／张,85
木工板,,木工板（压木条，含木工、人工费） 不含画面,2022年度***报价单,2022-01-01 00:00:00,2022-12-31 00:00:00,2022,售点,1501570,重庆奥策广告有限公司,1104,CP,重庆行销区域,主城部,0,6%进项税,BC05,ITEM1104M7000636535,制作物费,板材类,木工板（压木条，含木工、人工费）,1.2m*2.4m*（厚1.5cm）,1年,,,元／张,145
中纤板,,1.2m*2.4m 1.5cm雕刻 不含画面,2022年度***报价单,2022-01-01 00:00:00,2022-12-31 00:00:00,2022,售点,1501570,重庆奥策广告有限公司,1104,CP,重庆行销区域,主城部,0,6%进项税,BC06,ITEM1104M7000636536,制作物费,板材类,中纤板异形雕刻（含材料）,1.2m*2.4m 1.5cm雕刻,1年,,,元/平方米,110
PVC板,,5mm PVC雕刻 不含画面,2022年度***报价单,2022-01-01 00:00:00,2022-12-31 00:00:00,2022,售点,1501570,重庆奥策广告有限公司,1104,CP,重庆行销区域,主城部,0,6%进项税,BC07,ITEM1104M7000636537,制作物费,板材类,PVC板异形雕刻（含材料）5MM,5mm PVC雕刻,1年,,,元/平方米,80
PVC板,,1cm PVC雕刻 不含画面,2022年度***报价单,2022-01-01 00:00:00,2022-12-31 00:00:00,2022,售点,1501570,重庆奥策广告有限公司,1104,CP,重庆行销区域,主城部,0,6%进项税,BC08,ITEM1104M7000636538,制作物费,板材类,PVC板异形雕刻（含材料）1CM,1cm PVC雕刻,1年,,,元/平方米,110
PVC板,,2cm PVC雕刻 不含画面,2022年度***报价单,2022-01-01 00:00:00,2022-12-31 00:00:00,2022,售点,1501570,重庆奥策广告有限公司,1104,CP,重庆行销区域,主城部,0,6%进项税,BC09,ITEM1104M7000636539,制作物费,板材类,PVC板异形雕刻（含材料）2CM,2cm PVC雕刻,1年,,,元/平方米,140
PVC板,雪弗板,1.2m*2.4m*厚1cm 不含画面,2022年度***报价单,2022-01-01 00:00:00,2022-12-31 00:00:00,2022,售点,1501570,重庆奥策广告有限公司,1104,CP,重庆行销区域,主城部,0,6%进项税,BC10,ITEM1104M7000636540,制作物费,板材类,PVC板（雪弗板）1CM,1.2m*2.4m*厚1cm,1年,,,元／平方米,60
PVC板,雪弗板,1.2m*2.4m*厚3mm 不含画面,2022年度***报价单,2022-01-01 00:00:00,2022-12-31 00:00:00,2022,售点,1501570,重庆奥策广告有限公司,1104,CP,重庆行销区域,主城部,0,6%进项税,BC11,ITEM1104M7000636541,制作物费,板材类,PVC板（雪弗板）3CM,1.2m*2.4m*厚3mm,1年,,,元／平方米,40
PVC板,雪弗板,1.2m*2.4m*厚5mm 不含画面,2022年度***报价单,2022-01-01 00:00:00,2022-12-31 00:00:00,2022,售点,1501570,重庆奥策广告有限公司,1104,CP,重庆行销区域,主城部,0,6%进项税,BC12,ITEM1104M7000636542,制作物费,板材类,PVC板（雪弗板）5CM,1.2m*2.4m*厚5mm,1年,,,元／平方米,40
防火板,,1.2m*2.4m*厚0.8mm 不含画面,2022年度***报价单,2022-01-01 00:00:00,2022-12-31 00:00:00,2022,售点,1501570,重庆奥策广告有限公司,1104,CP,重庆行销区域,主城部,0,6%进项税,BC13,ITEM1104M7000636543,制作物费,板材类,国产防火板 ,1.2m*2.4m*厚0.8mm,1年,,,元／张,45
亚克力板,,1.2m*1.8m*厚3mm 不含画面,2022年度***报价单,2022-01-01 00:00:00,2022-12-31 00:00:00,2022,售点,1501570,重庆奥策广告有限公司,1104,CP,重庆行销区域,主城部,0,6%进项税,BC14,ITEM1104M7000636544,制作物费,板材类,透明亚克力板（3MM厚）,1.2m*1.8m*厚3mm,1年,,,元／张,200
亚克力板,,1.2m*1.8m*厚5mm 不含画面,2022年度***报价单,2022-01-01 00:00:00,2022-12-31 00:00:00,2022,售点,1501570,重庆奥策广告有限公司,1104,CP,重庆行销区域,主城部,0,6%进项税,BC15,ITEM1104M7000636545,制作物费,板材类,透明亚克力板（5MM厚）,1.2m*1.8m*厚5mm,1年,,,元／张,300
亚克力桌牌,桌牌,A5 不含画面,2022年度***报价单,2022-01-01 00:00:00,2022-12-31 00:00:00,2022,售点,1501570,重庆奥策广告有限公司,1104,CP,重庆行销区域,主城部,0,6%进项税,ZP01,ITEM1104M7000636546,制作物费,桌牌类,透明亚克力A5,A5大小,1年,,,元/个,26
亚克力桌牌,桌牌,1/2 A5 不含画面,2022年度***报价单,2022-01-01 00:00:00,2022-12-31 00:00:00,2022,售点,1501570,重庆奥策广告有限公司,1104,CP,重庆行销区域,主城部,0,6%进项税,ZP02,ITEM1104M7000636547,制作物费,桌牌类,透明亚克力1/2 A5,1/2 A5大小,1年,,,元/个,20
亚克力桌牌,桌牌,A4 不含画面,2022年度***报价单,2022-01-01 00:00:00,2022-12-31 00:00:00,2022,售点,1501570,重庆奥策广告有限公司,1104,CP,重庆行销区域,主城部,0,6%进项税,ZP03,ITEM1104M7000636548,制作物费,桌牌类,透明亚克力A4,A4大小,1年,,,元/个,33
角钢,,L40 6米/根厚40mm,2022年度***报价单,2022-01-01 00:00:00,2022-12-31 00:00:00,2022,售点,1501570,重庆奥策广告有限公司,1104,CP,重庆行销区域,主城部,0,6%进项税,FG01,ITEM1104M7000636549,制作物费,方管类,L40角钢（国标）,6米/根厚40mm,1年,,,元／根,45
角钢,,L30 6米/根厚30mm,2022年度***报价单,2022-01-01 00:00:00,2022-12-31 00:00:00,2022,售点,1501570,重庆奥策广告有限公司,1104,CP,重庆行销区域,主城部,0,6%进项税,FG02,ITEM1104M7000636550,制作物费,方管类,L30角钢，含孔货架（含螺丝、螺母配套）,6米/根厚30mm,2年,,,元／根,40
方管,不锈钢方管,20管（厚1mm）6米/根，管口直径2cm,2022年度***报价单,2022-01-01 00:00:00,2022-12-31 00:00:00,2022,售点,1501570,重庆奥策广告有限公司,1104,CP,重庆行销区域,主城部,0,6%进项税,FG03,ITEM1104M7000636551,制作物费,方管类,不锈钢方管-厚1MM,20管（厚1mm）6米/根，管口直径2cm,2年,,,元／根,30
方管,不锈钢方管,30管（厚2.5mm）6米/根，管口直径3cm,2022年度***报价单,2022-01-01 00:00:00,2022-12-31 00:00:00,2022,售点,1501570,重庆奥策广告有限公司,1104,CP,重庆行销区域,主城部,0,6%进项税,FG04,ITEM1104M7000636552,制作物费,方管类,不锈钢方管-厚2.5MM,30管（厚2.5mm）6米/根，管口直径3cm,2年,,,元／根,40
方管,镀锌方管,20管（厚1mm）6米/根，管口直径2cm,2022年度***报价单,2022-01-01 00:00:00,2022-12-31 00:00:00,2022,售点,1501570,重庆奥策广告有限公司,1104,CP,重庆行销区域,主城部,0,6%进项税,FG05,ITEM1104M7000636553,制作物费,方管类,镀锌方管,20管（厚1mm）6米/根，管口直径2cm,2年,,,元／根,30
木方,木龙骨,3M/根，3cm*4cm,2022年度***报价单,2022-01-01 00:00:00,2022-12-31 00:00:00,2022,售点,1501570,重庆奥策广告有限公司,1104,CP,重庆行销区域,主城部,0,6%进项税,FG06,ITEM1104M7000636554,制作物费,方管类,木方（又名：木龙骨）3*4,3M/根，3cm*4cm,1年,,,元／根,6
木方,木龙骨,3M/根，4cm*6cm,2022年度***报价单,2022-01-01 00:00:00,2022-12-31 00:00:00,2022,售点,1501570,重庆奥策广告有限公司,1104,CP,重庆行销区域,主城部,0,6%进项税,FG07,ITEM1104M7000636555,制作物费,方管类,木方（又名：木龙骨）4*6,3M/根，4cm*6cm,1年,,,元／根,8
圆管,不锈钢圆管,1.1 （直径50mm）6米/根,2022年度***报价单,2022-01-01 00:00:00,2022-12-31 00:00:00,2022,售点,1501570,重庆奥策广告有限公司,1104,CP,重庆行销区域,主城部,0,6%进项税,YG01,ITEM1104M7000636556,制作物费,圆管类,不锈钢圆管1.1,1.1 （直径50mm）6米/根,2年,,,元／根,60
圆管,不锈钢圆管,1.2 （直径76mm）6米/根,2022年度***报价单,2022-01-01 00:00:00,2022-12-31 00:00:00,2022,售点,1501570,重庆奥策广告有限公司,1104,CP,重庆行销区域,主城部,0,6%进项税,YG02,ITEM1104M7000636557,制作物费,圆管类,不锈钢圆管1.2,1.2 （直径76mm）6米/根,2年,,,元／根,80
PVC字,雕刻字,PVC字 5MM,2022年度***报价单,2022-01-01 00:00:00,2022-12-31 00:00:00,2022,售点,1501570,重庆奥策广告有限公司,1104,CP,重庆行销区域,主城部,0,6%进项税,PVC01,ITEM1104M7000636558,制作物费,字类,PVC字5MM,5mm,1年,,,元/厘米,0.8
PVC字,雕刻字,PVC字 12MM,2022年度***报价单,2022-01-01 00:00:00,2022-12-31 00:00:00,2022,售点,1501570,重庆奥策广告有限公司,1104,CP,重庆行销区域,主城部,0,6%进项税,PVC02,ITEM1104M7000636559,制作物费,字类,PVC字12MM,12mm,1年,,,元/厘米,1.5
PVC字,雕刻字,PVC字 20MM,2022年度***报价单,2022-01-01 00:00:00,2022-12-31 00:00:00,2022,售点,1501570,重庆奥策广告有限公司,1104,CP,重庆行销区域,主城部,0,6%进项税,PVC03,ITEM1104M7000636560,制作物费,字类,PVC字20MM,20mm,1年,,,元/厘米,2
灯带,,普通单色,2022年度***报价单,2022-01-01 00:00:00,2022-12-31 00:00:00,2022,售点,1501570,重庆奥策广告有限公司,1104,CP,重庆行销区域,主城部,0,6%进项税,DL01,ITEM1104M7000636561,制作物费,灯类发光体,灯带（带整流器）-普通单色,普通单色,1年,,,元/米,10
灯带,,彩色,2022年度***报价单,2022-01-01 00:00:00,2022-12-31 00:00:00,2022,售点,1501570,重庆奥策广告有限公司,1104,CP,重庆行销区域,主城部,0,6%进项税,DL02,ITEM1104M7000636562,制作物费,灯类发光体,灯带（带整流器）-彩色,彩色,1年,,,元/米,13
灯带,,LED灯带,2022年度***报价单,2022-01-01 00:00:00,2022-12-31 00:00:00,2022,售点,1501570,重庆奥策广告有限公司,1104,CP,重庆行销区域,主城部,0,6%进项税,DL03,ITEM1104M7000636563,制作物费,灯类发光体,灯带（带整流器）-LED灯带,LED灯带,2年,,,元/米,13
灯带,,霓虹灯带,2022年度***报价单,2022-01-01 00:00:00,2022-12-31 00:00:00,2022,售点,1501570,重庆奥策广告有限公司,1104,CP,重庆行销区域,主城部,0,6%进项税,DL04,ITEM1104M7000636564,制作物费,灯类发光体,灯带（带整流器）-霓虹灯带,霓虹灯带,2年,,,元/米,32
电线,,2.5平方,2022年度***报价单,2022-01-01 00:00:00,2022-12-31 00:00:00,2022,售点,1501570,重庆奥策广告有限公司,1104,CP,重庆行销区域,主城部,0,6%进项税,DL05,ITEM1104M7000636565,制作物费,灯类发光体,电线（国产免检如：鸽牌 熊猫牌）铜芯,2.5平方,1年,,,元/米,2
插座,,4孔插口，电线3米及以上 公牛,2022年度***报价单,2022-01-01 00:00:00,2022-12-31 00:00:00,2022,售点,1501570,重庆奥策广告有限公司,1104,CP,重庆行销区域,主城部,0,6%进项税,DL06,ITEM1104M7000636566,制作物费,灯类发光体,插座（公牛牌）,4孔插口，电线3米及以上,1年,,,元/个,35
电池,,纽扣电池 公牛 ,2022年度***报价单,2022-01-01 00:00:00,2022-12-31 00:00:00,2022,售点,1501570,重庆奥策广告有限公司,1104,CP,重庆行销区域,主城部,0,6%进项税,DL07,ITEM1104M7000636567,制作物费,灯类发光体,开关1（公牛牌）,纽扣开关,1年,,,元/个,5
开关,,自动控时开关 公牛,2022年度***报价单,2022-01-01 00:00:00,2022-12-31 00:00:00,2022,售点,1501570,重庆奥策广告有限公司,1104,CP,重庆行销区域,主城部,0,6%进项税,DL08,ITEM1104M7000636568,制作物费,灯类发光体,开关2（公牛牌）,自动控时开关,1年,,,元/个,55
变压器,,300W，12V转220V,2022年度***报价单,2022-01-01 00:00:00,2022-12-31 00:00:00,2022,售点,1501570,重庆奥策广告有限公司,1104,CP,重庆行销区域,主城部,0,6%进项税,DL09,ITEM1104M7000636569,制作物费,灯类发光体,变压器,300W，12V转220V,1年,,,元/个,70
灯管,T4灯管,0.6米,2022年度***报价单,2022-01-01 00:00:00,2022-12-31 00:00:00,2022,售点,1501570,重庆奥策广告有限公司,1104,CP,重庆行销区域,主城部,0,6%进项税,DL10,ITEM1104M7000636570,制作物费,灯类发光体,T4灯管,0.6米,1年,,,元/支,10
灯管,飞利浦、菲利浦,40W（灯管长1m）,2022年度***报价单,2022-01-01 00:00:00,2022-12-31 00:00:00,2022,售点,1501570,重庆奥策广告有限公司,1104,CP,重庆行销区域,主城部,0,6%进项税,DL11,ITEM1104M7000636571,制作物费,灯类发光体,菲利浦灯管（一拖二每套/M2），镇流器国产,40W（灯管长1m）,1年,,,元/套,30
发光字,,内置LED光源，PVC加厚底板，铁边,2022年度***报价单,2022-01-01 00:00:00,2022-12-31 00:00:00,2022,售点,1501570,重庆奥策广告有限公司,1104,CP,重庆行销区域,主城部,0,6%进项税,FGZ01,ITEM1104M7000636572,制作物费,发光字,平面发光字（铁边）,亚克力面板，内置LED光源，PVC加厚底板，铁边,1年,,,元／厘米,5.5
发光字,,内置LED光源，PVC加厚底板，不锈钢边,2022年度***报价单,2022-01-01 00:00:00,2022-12-31 00:00:00,2022,售点,1501570,重庆奥策广告有限公司,1104,CP,重庆行销区域,主城部,0,6%进项税,FGZ02,ITEM1104M7000636573,制作物费,发光字,平面发光字（不锈钢边）,亚克力面板，内置LED光源，PVC加厚底板，不锈钢边,2年,,,元／厘米,7
雕刻字,平面字、不锈钢字,PVC加厚底板，不锈钢边 不发光,2022年度***报价单,2022-01-01 00:00:00,2022-12-31 00:00:00,2022,售点,1501570,重庆奥策广告有限公司,1104,CP,重庆行销区域,主城部,0,6%进项税,FGZ03,ITEM1104M7000636574,制作物费,发光字,不锈钢平面字（不发光）,亚克力面板、PVC加厚底板，不锈钢边,2年,,,元／厘米,5
布旗布,艺术布,9.14 幅宽（加画面）,2022年度***报价单,2022-01-01 00:00:00,2022-12-31 00:00:00,2022,售点,1501570,重庆奥策广告有限公司,1104,CP,重庆行销区域,主城部,0,6%进项税,BB01,ITEM1104M7000636575,制作物费,布标类,布旗布（艺术布）,9.14 幅宽（加画面）,1年,,,元/平方米,25
丝绢布,,1.2m宽度（加画面）,2022年度***报价单,2022-01-01 00:00:00,2022-12-31 00:00:00,2022,售点,1501570,重庆奥策广告有限公司,1104,CP,重庆行销区域,主城部,0,6%进项税,BB02,ITEM1104M7000636576,制作物费,布标类,丝绢布,1.2m宽度（加画面）,0.5年,,,元/平方米,25
牛津布,,210D,2022年度***报价单,2022-01-01 00:00:00,2022-12-31 00:00:00,2022,售点,1501570,重庆奥策广告有限公司,1104,CP,重庆行销区域,主城部,0,6%进项税,BB03,ITEM1104M7000636577,制作物费,布标类,牛津布,210D,1年,,,元/平方米,30
喷绘刀刮布,刀刮布,打印精度6pass,2022年度***报价单,2022-01-01 00:00:00,2022-12-31 00:00:00,2022,售点,1501570,重庆奥策广告有限公司,1104,CP,重庆行销区域,主城部,0,6%进项税,BB04,ITEM1104M7000636578,制作物费,布标类,喷绘刀刮布,打印精度6pass,0.5年,,,元/平方米,45
彩色横幅,横幅,丝绸布彩印80CM宽度以内,2022年度***报价单,2022-01-01 00:00:00,2022-12-31 00:00:00,2022,售点,1501570,重庆奥策广告有限公司,1104,CP,重庆行销区域,主城部,0,6%进项税,BB05,ITEM1104M7000636579,制作物费,布标类,彩色横幅,丝绸布彩印80CM宽度以内,0.5年,,,元/平方米,28
双喷布,,440g正反面喷绘，户外防水，宽3.2m,2022年度***报价单,2022-01-01 00:00:00,2022-12-31 00:00:00,2022,售点,1501570,重庆奥策广告有限公司,1104,CP,重庆行销区域,主城部,0,6%进项税,BB06,ITEM1104M7000636580,制作物费,布标类,双喷布,440g正反面喷绘，户外防水，宽3.2m,1年,,,元/平方米,70
网格布,,160g玻纤维纱织网格布,2022年度***报价单,2022-01-01 00:00:00,2022-12-31 00:00:00,2022,售点,1501570,重庆奥策广告有限公司,1104,CP,重庆行销区域,主城部,0,6%进项税,BB07,ITEM1104M7000636581,制作物费,布标类,网格布（160g玻纤维纱织网格布）,160g玻纤维纱织网格布 不受规格限制,1年,,,元/平方米,55
网格布,,340gPVC网格布,2022年度***报价单,2022-01-01 00:00:00,2022-12-31 00:00:00,2022,售点,1501570,重庆奥策广告有限公司,1104,CP,重庆行销区域,主城部,0,6%进项税,BB08,ITEM1104M7000636582,制作物费,布标类,网格布（340gPVC网格布）,340gPVC网格布 不受规格限制,1年,,,元/平方米,73
尼龙布,,600DPI，厚度550，高防水尼龙布,2022年度***报价单,2022-01-01 00:00:00,2022-12-31 00:00:00,2022,售点,1501570,重庆奥策广告有限公司,1104,CP,重庆行销区域,主城部,0,6%进项税,BB09,ITEM1104M7000636583,制作物费,布标类,高精度高防水尼龙布画面,600DPI，厚度550，高防水尼龙布,1年,,,元/平方米,55
不锈钢包边,不锈钢边条、收边条,拉丝面0.6mm，用于灯箱包柱包边,2022年度***报价单,2022-01-01 00:00:00,2022-12-31 00:00:00,2022,售点,1501570,重庆奥策广告有限公司,1104,CP,重庆行销区域,主城部,0,6%进项税,BXGBB,ITEM1104M7000636584,制作物费,包边类,不锈钢包边（含折叠部分、人工、辅料等）,拉丝面0.6mm，用于灯箱包柱包边,1年,,,元/米,10
烤漆,,木质烤漆,2022年度***报价单,2022-01-01 00:00:00,2022-12-31 00:00:00,2022,售点,1501570,重庆奥策广告有限公司,1104,CP,重庆行销区域,主城部,0,6%进项税,KQ01,ITEM1104M7000636585,制作物费,烤漆,木质烤漆,烤漆工艺,1年,,,元/平方米,140
烤漆,,钢板烤漆,2022年度***报价单,2022-01-01 00:00:00,2022-12-31 00:00:00,2022,售点,1501570,重庆奥策广告有限公司,1104,CP,重庆行销区域,主城部,0,6%进项税,KQ02,ITEM1104M7000636586,制作物费,烤漆,钢板烤漆,烤漆工艺,1年,,,元/平方米,145
桁架,行架,2天以内，含2天,2022年度***报价单,2022-01-01 00:00:00,2022-12-31 00:00:00,2022,售点,1501570,重庆奥策广告有限公司,1104,CP,重庆行销区域,主城部,0,6%进项税,HJZN,ITEM1104M7000636587,制作物费,桁架租赁,钢质桁架（含拆装费用）,2天以内，含2天,/,,,元/米/次,25
拉网展架,,3X3格，230cm*230cm常规尺寸,2022年度***报价单,2022-01-01 00:00:00,2022-12-31 00:00:00,2022,售点,1501570,重庆奥策广告有限公司,1104,CP,重庆行销区域,主城部,0,6%进项税,LWZJ,ITEM1104M7000636588,制作物费,拉网展架,铝合金拉网展架,3X3格，230cm*230cm常规尺寸,1年,,,元/套,350
DM单,,157g铜版纸（起订量500张，1/2 A4纸张大小）,2022年度***报价单,2022-01-01 00:00:00,2022-12-31 00:00:00,2022,售点,1501570,重庆奥策广告有限公司,1104,CP,重庆行销区域,主城部,0,6%进项税,DM,ITEM1104M7000636589,制作物费,DM单,铜版纸（起订量500张，1/2 A4纸张大小）,157g,/,,,元/张,0.3
运费,运输费、车费,营业部办公室方圆20公里的运费（本条计划删除，待确认）,2022年度***报价单,2022-01-01 00:00:00,2022-12-31 00:00:00,2022,售点,1501570,重庆奥策广告有限公司,1104,CP,重庆行销区域,主城部,0,6%进项税,YF01,ITEM1104M7000636590,制作物费,运费,营业部办公室方圆20公里的运费，超过20公里的运费按照5元/公里计算（报价需注明公里数）,营业部办公室方圆20公里的运费，超过20公里的运费按照5元/公里计算（报价需注明公里数）,报价需注明公里数,,,元／公里,5
人工,安装费、人工安装费,,2022年度***报价单,2022-01-01 00:00:00,2022-12-31 00:00:00,2022,售点,1501570,重庆奥策广告有限公司,1104,CP,重庆行销区域,主城部,0,6%进项税,RGAZ,ITEM1104M7000636591,制作物费,人工安装费,距营业部办公室方圆80公里内安装费用，超过80公里安装按照100元/人计算,距营业部办公室方圆80公里内安装费用，超过80公里安装按照100元/人计算,报价需注明公里数,,,元/人,100
过路费,,实报实销,2022年度***报价单,2022-01-01 00:00:00,2022-12-31 00:00:00,2022,售点,1501570,重庆奥策广告有限公司,1104,CP,重庆行销区域,主城部,0,6%进项税,GLF,ITEM1104M7000636592,制作物费,过路费,过路费实报实销，返空不计算费用,过路费实报实销，返空不计算费用,过路费需附证明,,,元,1
舞台,舞台板,舞台高度0.8m,2022年度***报价单,2022-01-01 00:00:00,2022-12-31 00:00:00,2022,售点,1501570,重庆奥策广告有限公司,1104,CP,重庆行销区域,主城部,0,6%进项税,WTYX01,ITEM1104M7000636593,制作物费,舞台、音响设备,舞台费用（含拆/装费用）,标准舞台钢架，舞台板，舞台高度0.8m,1,,,元/平方米/天,43
舞台,舞台板,舞台高度1.2m-1.5m,2022年度***报价单,2022-01-01 00:00:00,2022-12-31 00:00:00,2022,售点,1501570,重庆奥策广告有限公司,1104,CP,重庆行销区域,主城部,0,6%进项税,WTYX02,ITEM1104M7000636594,制作物费,舞台、音响设备,舞台费用（含拆/装费用）,标准舞台钢架，舞台板，舞台高度1.2m-1.5m,1,,,元/平方米/天,45
truss架,,40MM（也可用50MM或60MM代替），2天内算1次）,2022年度***报价单,2022-01-01 00:00:00,2022-12-31 00:00:00,2022,售点,1501570,重庆奥策广告有限公司,1104,CP,重庆行销区域,主城部,0,6%进项税,WTYX03,ITEM1104M7000636595,制作物费,舞台、音响设备,Truss架（含拆/装费用）,标准国产，符合活动需求40MM（也可用50MM或60MM代替），2天内算1次）,1,,,元/米/次,112
雷亚架,网架、雷尔架,国标铝合金管/（二天为一个周期）,2022年度***报价单,2022-01-01 00:00:00,2022-12-31 00:00:00,2022,售点,1501570,重庆奥策广告有限公司,1104,CP,重庆行销区域,主城部,0,6%进项税,WTYX04,ITEM1104M7000636596,制作物费,舞台、音响设备,雷亚架（含拆/装费用）,国标铝合金管/（二天为一个周期）,1,,,元/米/天,15
地毯,,拉绒或小圈绒，厚地毯，7成新及以上,2022年度***报价单,2022-01-01 00:00:00,2022-12-31 00:00:00,2022,售点,1501570,重庆奥策广告有限公司,1104,CP,重庆行销区域,主城部,0,6%进项税,WTYX05,ITEM1104M7000636597,制作物费,舞台、音响设备,地毯（含拆/装费用） ,地毯（我司指定颜色，拉绒或小圈绒，厚地毯，7成新及以上，3天内算1次）,1,,,元/平方米/次,17
调音台,,带USB接口的电脑、话筒架2等,2022年度***报价单,2022-01-01 00:00:00,2022-12-31 00:00:00,2022,售点,1501570,重庆奥策广告有限公司,1104,CP,重庆行销区域,主城部,0,6%进项税,WTYX06,ITEM1104M7000636598,制作物费,舞台、音响设备,音响设备（含音响道具的相关电线、支架等辅助材料及拆装等费用） ,"数字调音台
（含：32路/64路/128路调音台根据需求提供，带USB接口的电脑、话筒架2等）",1,,,元/套/天,650
无线话筒,无线麦、手持话筒,无线话筒,2022年度***报价单,2022-01-01 00:00:00,2022-12-31 00:00:00,2022,售点,1501570,重庆奥策广告有限公司,1104,CP,重庆行销区域,主城部,0,6%进项税,WTYX07,ITEM1104M7000636599,制作物费,舞台、音响设备,音响设备（含音响道具的相关电线、支架等辅助材料及拆装等费用） ,无线唛（森海塞尔115g或同品质品牌，含话筒转换器）,1,,,元/只/天,55
胸麦,,胸麦,2022年度***报价单,2022-01-01 00:00:00,2022-12-31 00:00:00,2022,售点,1501570,重庆奥策广告有限公司,1104,CP,重庆行销区域,主城部,0,6%进项税,WTYX08,ITEM1104M7000636600,制作物费,舞台、音响设备,音响设备（含音响道具的相关电线、支架等辅助材料及拆装等费用） ,胸唛（森海塞尔115g或同品质品牌）,1,,,元/只/天,55
返听音箱,反听,返听音箱1对,2022年度***报价单,2022-01-01 00:00:00,2022-12-31 00:00:00,2022,售点,1501570,重庆奥策广告有限公司,1104,CP,重庆行销区域,主城部,0,6%进项税,WTYX09,ITEM1104M7000636601,制作物费,舞台、音响设备,音响设备（含音响道具的相关电线、支架等辅助材料及拆装等费用） ,进口JBL品牌或同品质250W舞台反听音箱1对,1,,,元/对/天,650
高音音箱,,高音音箱1对,2022年度***报价单,2022-01-01 00:00:00,2022-12-31 00:00:00,2022,售点,1501570,重庆奥策广告有限公司,1104,CP,重庆行销区域,主城部,0,6%进项税,WTYX10,ITEM1104M7000636602,制作物费,舞台、音响设备,音响设备（含音响道具的相关电线、支架等辅助材料及拆装等费用） ,进口JBL品牌或同品质600W高音音响1对,1,,,元/对/天,870
低音音箱,,低音音箱1对,2022年度***报价单,2022-01-01 00:00:00,2022-12-31 00:00:00,2022,售点,1501570,重庆奥策广告有限公司,1104,CP,重庆行销区域,主城部,0,6%进项税,WTYX11,ITEM1104M7000636603,制作物费,舞台、音响设备,音响设备（含音响道具的相关电线、支架等辅助材料及拆装等费用） ,进口JBL品牌或同品质450W低音音箱1对,1,,,元/对/天,650
混音音箱,全频音箱、双15,混音音箱1对,2022年度***报价单,2022-01-01 00:00:00,2022-12-31 00:00:00,2022,售点,1501570,重庆奥策广告有限公司,1104,CP,重庆行销区域,主城部,0,6%进项税,WTYX12,ITEM1104M7000636604,制作物费,舞台、音响设备,音响设备（含音响道具的相关电线、支架等辅助材料及拆装等费用） ,进口JBL品牌或同品质300~500W混音音箱1对,1,,,元/对/天,1120
阵列音箱,线阵,IBO现行振列音响（含16只音响）,2022年度***报价单,2022-01-01 00:00:00,2022-12-31 00:00:00,2022,售点,1501570,重庆奥策广告有限公司,1104,CP,重庆行销区域,主城部,0,6%进项税,WTYX13,ITEM1104M7000636605,制作物费,舞台、音响设备,音响设备（含音响道具的相关电线、支架等辅助材料及拆装等费用） ,IBO现行振列音响（含16只音响）,1,,,元/套/天,8190
音响师,调音师、音控,音响师,2022年度***报价单,2022-01-01 00:00:00,2022-12-31 00:00:00,2022,售点,1501570,重庆奥策广告有限公司,1104,CP,重庆行销区域,主城部,0,6%进项税,WTYX14,ITEM1104M7000636606,制作物费,舞台、音响设备,音响设备（含音响道具的相关电线、支架等辅助材料及拆装等费用） ,音响师,1,,,元/人/天,270
帕灯,LED PAR、帕灯、LED趴,帕灯（3W，多种颜色）,2022年度***报价单,2022-01-01 00:00:00,2022-12-31 00:00:00,2022,售点,1501570,重庆奥策广告有限公司,1104,CP,重庆行销区域,主城部,0,6%进项税,WTYX15,ITEM1104M7000636607,制作物费,舞台、音响设备,灯光（含灯光师、灯光道具市内运输、相关电线、支架等辅助材料及拆装等费用）,帕灯（3W，多种颜色）,1,,,元/个/天,56
筒灯,,筒灯（创展/COCO或同品质品牌）,2022年度***报价单,2022-01-01 00:00:00,2022-12-31 00:00:00,2022,售点,1501570,重庆奥策广告有限公司,1104,CP,重庆行销区域,主城部,0,6%进项税,WTYX16,ITEM1104M7000636608,制作物费,舞台、音响设备,灯光（含灯光师、灯光道具市内运输、相关电线、支架等辅助材料及拆装等费用）,筒灯（创展/COCO或同品质品牌）,1,,,元/个/天,75
LED灯,LED PAR、帕灯、LED趴,LED灯,2022年度***报价单,2022-01-01 00:00:00,2022-12-31 00:00:00,2022,售点,1501570,重庆奥策广告有限公司,1104,CP,重庆行销区域,主城部,0,6%进项税,WTYX17,ITEM1104M7000636609,制作物费,舞台、音响设备,灯光（含灯光师、灯光道具市内运输、相关电线、支架等辅助材料及拆装等费用）,LED灯,1,,,元/个/天,100
光束灯,光速灯、摇头灯,光束灯（230w）,2022年度***报价单,2022-01-01 00:00:00,2022-12-31 00:00:00,2022,售点,1501570,重庆奥策广告有限公司,1104,CP,重庆行销区域,主城部,0,6%进项税,WTYX18,ITEM1104M7000636610,制作物费,舞台、音响设备,灯光（含灯光师、灯光道具市内运输、相关电线、支架等辅助材料及拆装等费用）,光束灯（230w）,1,,,元/个/天,495
面光灯,,面光灯，1000W,2022年度***报价单,2022-01-01 00:00:00,2022-12-31 00:00:00,2022,售点,1501570,重庆奥策广告有限公司,1104,CP,重庆行销区域,主城部,0,6%进项税,WTYX19,ITEM1104M7000636611,制作物费,舞台、音响设备,灯光（含灯光师、灯光道具市内运输、相关电线、支架等辅助材料及拆装等费用）,面光灯，1000W,1,,,元/个/天,55
摇头灯,LOGO摇头灯、LOGO灯,电脑摇头灯（230W）,2022年度***报价单,2022-01-01 00:00:00,2022-12-31 00:00:00,2022,售点,1501570,重庆奥策广告有限公司,1104,CP,重庆行销区域,主城部,0,6%进项税,WTYX20,ITEM1104M7000636612,制作物费,舞台、音响设备,灯光（含灯光师、灯光道具市内运输、相关电线、支架等辅助材料及拆装等费用）,电脑摇头灯（230W）,1,,,元/个/天,390
追光灯,,追光灯（2500W/1200W）,2022年度***报价单,2022-01-01 00:00:00,2022-12-31 00:00:00,2022,售点,1501570,重庆奥策广告有限公司,1104,CP,重庆行销区域,主城部,0,6%进项税,WTYX21,ITEM1104M7000636613,制作物费,舞台、音响设备,灯光（含灯光师、灯光道具市内运输、相关电线、支架等辅助材料及拆装等费用）,追光灯（2500W/1200W）,1,,,元/个/天,435
硅箱,硅箱,380伏硅箱,2022年度***报价单,2022-01-01 00:00:00,2022-12-31 00:00:00,2022,售点,1501570,重庆奥策广告有限公司,1104,CP,重庆行销区域,主城部,0,6%进项税,WTYX22,ITEM1104M7000636614,制作物费,舞台、音响设备,灯光（含灯光师、灯光道具市内运输、相关电线、支架等辅助材料及拆装等费用）,380伏硅箱,1,,,元/个/天,270
液晶电视,,电视42寸以上,2022年度***报价单,2022-01-01 00:00:00,2022-12-31 00:00:00,2022,售点,1501570,重庆奥策广告有限公司,1104,CP,重庆行销区域,主城部,0,6%进项税,WTYX23,ITEM1104M7000636615,制作物费,舞台、音响设备,液晶电视（含电线、插线板、USB接口、人员调式）,超薄电视、带USB接口，电视42寸以上（含），强阳光下不反光,1,,,元/套/天,435
平板电脑,,平板电脑（苹果牌或同质量品牌）,2022年度***报价单,2022-01-01 00:00:00,2022-12-31 00:00:00,2022,售点,1501570,重庆奥策广告有限公司,1104,CP,重庆行销区域,主城部,0,6%进项税,WTYX24,ITEM1104M7000636616,制作物费,舞台、音响设备,游戏道具（含运输及拆装等费用）,平板电脑（苹果牌或同质量品牌）,1,,,元/台/天,200
激光刻字机,,激光刻字机（含工作人员及相关辅助设备）,2022年度***报价单,2022-01-01 00:00:00,2022-12-31 00:00:00,2022,售点,1501570,重庆奥策广告有限公司,1104,CP,重庆行销区域,主城部,0,6%进项税,WTYX25,ITEM1104M7000636617,制作物费,舞台、音响设备,游戏道具（含运输及拆装等费用）,激光刻字机（含工作人员及相关辅助设备）,1,,,元/台/天,1550
WIFI,,无线WIFI,2022年度***报价单,2022-01-01 00:00:00,2022-12-31 00:00:00,2022,售点,1501570,重庆奥策广告有限公司,1104,CP,重庆行销区域,主城部,0,6%进项税,WTYX26,ITEM1104M7000636618,制作物费,舞台、音响设备,游戏道具（含运输及拆装等费用）,无线WIFI,1,,,元/个/天,300
航拍,,航拍（含操控人员，电池等相关配件）,2022年度***报价单,2022-01-01 00:00:00,2022-12-31 00:00:00,2022,售点,1501570,重庆奥策广告有限公司,1104,CP,重庆行销区域,主城部,0,6%进项税,WTYX27,ITEM1104M7000636619,制作物费,舞台、音响设备,游戏道具（含运输及拆装等费用）,航拍（含操控人员，电池等相关配件）,1,,,元/台/天,1650
VR,,VR,2022年度***报价单,2022-01-01 00:00:00,2022-12-31 00:00:00,2022,售点,1501570,重庆奥策广告有限公司,1104,CP,重庆行销区域,主城部,0,6%进项税,WTYX28,ITEM1104M7000636620,制作物费,舞台、音响设备,游戏道具（含运输及拆装等费用）,VR（三星或同品质国产品牌）,1,,,元/台/天,1300
泡泡机,,泡泡机（300W）,2022年度***报价单,2022-01-01 00:00:00,2022-12-31 00:00:00,2022,售点,1501570,重庆奥策广告有限公司,1104,CP,重庆行销区域,主城部,0,6%进项税,WTYX29,ITEM1104M7000636621,制作物费,舞台、音响设备,舞美道具（含调控师费用、舞美道具市内运输及拆装等费用）,泡泡机（300W）,1,,,元/台/天,112
烟雾机,,烟雾机（9000CUBICFT/MIN）,2022年度***报价单,2022-01-01 00:00:00,2022-12-31 00:00:00,2022,售点,1501570,重庆奥策广告有限公司,1104,CP,重庆行销区域,主城部,0,6%进项税,WTYX30,ITEM1104M7000636622,制作物费,舞台、音响设备,舞美道具（含调控师费用、舞美道具市内运输及拆装等费用）,烟雾机（9000CUBICFT/MIN）,1,,,元/台/天,112
冷焰火,,冷焰火,2022年度***报价单,2022-01-01 00:00:00,2022-12-31 00:00:00,2022,售点,1501570,重庆奥策广告有限公司,1104,CP,重庆行销区域,主城部,0,6%进项税,WTYX31,ITEM1104M7000636623,制作物费,舞台、音响设备,舞美道具（含调控师费用、舞美道具市内运输及拆装等费用）,冷焰火,1,,,元/只,25
LED屏,,P3屏（室外屏）,2022年度***报价单,2022-01-01 00:00:00,2022-12-31 00:00:00,2022,售点,1501570,重庆奥策广告有限公司,1104,CP,重庆行销区域,主城部,0,6%进项税,WTYX32,ITEM1104M7000636624,制作物费,舞台、音响设备,舞美道具（含调控师费用、舞美道具市内运输及拆装等费用）,组装式LED显示屏P3（室外屏）,1,,,元/平米/天,495
主持人,,业余,2021年度奥策报价单-渝南、涪陵、OP、万州,2021-01-01 00:00:00,2021-12-31 00:00:00,2021,售点,1501570,重庆奥策广告有限公司,1104,CP,重庆行销区域,主城部,0,6%进项税,,,RS,人员,主持人业余（有校园、酒吧、大型活动等主持经验）,业余（有校园、酒吧、大型活动等主持经验）,1,,,天/人,875
主持人,,专业,2021年度奥策报价单-渝南、涪陵、OP、万州,2021-01-01 00:00:00,2021-12-31 00:00:00,2021,售点,1501570,重庆奥策广告有限公司,1104,CP,重庆行销区域,主城部,0,6%进项税,,,RS,,主持人专业（在电台在职或有电台主持经验）,专业（在电台在职或有电台主持经验）,1,,,天/人,2730
化妆师,造型师,化妆造型人员,2021年度奥策报价单-渝南、涪陵、OP、万州,2021-01-01 00:00:00,2021-12-31 00:00:00,2021,售点,1501570,重庆奥策广告有限公司,1104,CP,重庆行销区域,主城部,0,6%进项税,,,RS,,化妆造型人员,有过相关工作经验,1,,,天/人,335
演艺人员,电光舞,电光舞，以人数算，平均到个人（3小时内1~2只舞蹈为1场）,2021年度奥策报价单-渝南、涪陵、OP、万州,2021-01-01 00:00:00,2021-12-31 00:00:00,2021,售点,1501570,重庆奥策广告有限公司,1104,CP,重庆行销区域,主城部,0,6%进项税,,,RS,,电光舞,以人数算，平均到个人（3小时内1~2只舞蹈为1场）,1,,,天/人,650
演艺人员,街舞、热舞,街舞/热舞，以人数算，平均到个人（3小时内1~2只舞蹈为1场）,2021年度奥策报价单-渝南、涪陵、OP、万州,2021-01-01 00:00:00,2021-12-31 00:00:00,2021,售点,1501570,重庆奥策广告有限公司,1104,CP,重庆行销区域,主城部,0,6%进项税,,,RS,,街舞/热舞,以人数算，平均到个人（3小时内1~2只舞蹈为1场）,1,,,天/人,555
演艺人员,单车、独轮车,单车表演（3人参与表演，每次表演时间至少10分钟，每天2次）,2021年度奥策报价单-渝南、涪陵、OP、万州,2021-01-01 00:00:00,2021-12-31 00:00:00,2021,售点,1501570,重庆奥策广告有限公司,1104,CP,重庆行销区域,主城部,0,6%进项税,,,RS,,特技/型表演单车表演（3人参与表演，每次表演时间至少10分钟，每天2次）,单车表演（3人参与表演，每次表演时间至少10分钟，每天2次）,1,,,天/人,545
演艺人员,变脸,变脸（表演）/每天2次,2021年度奥策报价单-渝南、涪陵、OP、万州,2021-01-01 00:00:00,2021-12-31 00:00:00,2021,售点,1501570,重庆奥策广告有限公司,1104,CP,重庆行销区域,主城部,0,6%进项税,,,RS,,特技/型表演变脸（表演）/每天2次,变脸（表演）/每天2次,1,,,天/人,1315
演艺人员,小丑,小丑（表演）/每天2次,2021年度奥策报价单-渝南、涪陵、OP、万州,2021-01-01 00:00:00,2021-12-31 00:00:00,2021,售点,1501570,重庆奥策广告有限公司,1104,CP,重庆行销区域,主城部,0,6%进项税,,,RS,,特技/型表演小丑（表演）/每天2次,小丑（表演）/每天2次,1,,,天/人,780
演艺人员,魔术,单人魔术表演/每天2次,2021年度奥策报价单-渝南、涪陵、OP、万州,2021-01-01 00:00:00,2021-12-31 00:00:00,2021,售点,1501570,重庆奥策广告有限公司,1104,CP,重庆行销区域,主城部,0,6%进项税,,,RS,,特技/型表演单人魔术表演/每天2次,单人魔术表演/每天2次,1,,,天/人,1315
演艺人员,乐队,乐队4~6人，1`2首歌/场（主唱、吉他手/贝斯手、鼓手、键盘手等）,2021年度奥策报价单-渝南、涪陵、OP、万州,2021-01-01 00:00:00,2021-12-31 00:00:00,2021,售点,1501570,重庆奥策广告有限公司,1104,CP,重庆行销区域,主城部,0,6%进项税,,,RS,,乐队4~6人，1`2首歌/场（主唱、吉他手/贝斯手、鼓手、键盘手等）,4~6人，1`2首歌/场（主唱、吉他手/贝斯手、鼓手、键盘手等）,1,,,天/人,2250
演艺人员,歌手,单人歌手普通歌手，3首歌/场（4小时以内算一场，人数不限）,2021年度奥策报价单-渝南、涪陵、OP、万州,2021-01-01 00:00:00,2021-12-31 00:00:00,2021,售点,1501570,重庆奥策广告有限公司,1104,CP,重庆行销区域,主城部,0,6%进项税,,,RS,,单人歌手普通歌手，3首歌/场（4小时以内算一场，人数不限）,普通歌手，3首歌/场（4小时以内算一场，人数不限）,1,,,天/人,650
摄影摄像,摇臂,摇臂（六米，带设备、摄影师，活动后需刻光盘并将光盘到市场部存档）,2021年度奥策报价单-渝南、涪陵、OP、万州,2021-01-01 00:00:00,2021-12-31 00:00:00,2021,售点,1501570,重庆奥策广告有限公司,1104,CP,重庆行销区域,主城部,0,6%进项税,,,RS,,摄影摇臂（六米，带设备、摄影师，活动后需刻光盘并将光盘到市场部存档）,摇臂（六米，带设备、摄影师，活动后需刻光盘并将光盘到市场部存档）,1,,,天,2190
摄影摄像,摄像、录像,全程录制（自带摄影设备、摄影师，活动后需刻光盘并将光盘到市场部存档）,2021年度奥策报价单-渝南、涪陵、OP、万州,2021-01-01 00:00:00,2021-12-31 00:00:00,2021,售点,1501570,重庆奥策广告有限公司,1104,CP,重庆行销区域,主城部,0,6%进项税,,,RS,,摄影全程录制（自带摄影设备、摄影师，活动后需刻光盘并将光盘到市场部存档）,全程录制（自带摄影设备、摄影师，活动后需刻光盘并将光盘到市场部存档）,1,,,天/人,1350
摄影摄像,摄影、拍照,全程拍照（自带摄影设备、摄影师，仅用于我司指定网络宣传拍摄）,2021年度奥策报价单-渝南、涪陵、OP、万州,2021-01-01 00:00:00,2021-12-31 00:00:00,2021,售点,1501570,重庆奥策广告有限公司,1104,CP,重庆行销区域,主城部,0,6%进项税,,,RS,,摄影全程拍照（自带摄影设备、摄影师，仅用于我司指定网络宣传拍摄）,全程拍照（自带摄影设备、摄影师，仅用于我司指定网络宣传拍摄）,1,,,天/人,800
安保,保安,负责活动现场安保工作，含安保服装（有过从事或正在从事安保工作经验人员）,2021年度奥策报价单-渝南、涪陵、OP、万州,2021-01-01 00:00:00,2021-12-31 00:00:00,2021,售点,1501570,重庆奥策广告有限公司,1104,CP,重庆行销区域,主城部,0,6%进项税,,,RS,,安保人员,负责活动现场安保工作，含安保服装（有过从事或正在从事安保工作经验人员）,1,,,天/人,400
礼仪,礼仪,形象气质佳，身高1.65-1.75米,2021年度奥策报价单-渝南、涪陵、OP、万州,2021-01-01 00:00:00,2021-12-31 00:00:00,2021,售点,1501570,重庆奥策广告有限公司,1104,CP,重庆行销区域,主城部,0,6%进项税,,,RS,,礼仪人员,形象气质佳，身高1.65-1.75米,1,,,天/人,335
促销,促销员、兼职,活动现场负责活动执行及游戏,2021年度奥策报价单-渝南、涪陵、OP、万州,2021-01-01 00:00:00,2021-12-31 00:00:00,2021,售点,1501570,重庆奥策广告有限公司,1104,CP,重庆行销区域,主城部,0,6%进项税,,,RS,,促销生,活动现场负责活动执行及游戏,1,,,天/人,150
督导,执行、工作人员,具体数量需根据活动确认（6~8名促销配一名督导）,2021年度奥策报价单-渝南、涪陵、OP、万州,2021-01-01 00:00:00,2021-12-31 00:00:00,2021,售点,1501570,重庆奥策广告有限公司,1104,CP,重庆行销区域,主城部,0,6%进项税,,,RS,,督导,具体数量需根据活动确认（6~8名促销配一名督导）,1,,,天/人,265
工人,搬运、搭建、撤除、撤场,负责活动现场安装和撤场,2021年度奥策报价单-渝南、涪陵、OP、万州,2021-01-01 00:00:00,2021-12-31 00:00:00,2021,售点,1501570,重庆奥策广告有限公司,1104,CP,重庆行销区域,主城部,0,6%进项税,,,RS,,劳务工,负责活动现场安装和撤场,1,,,小时/人,40
冰块,,5KG,2021年度奥策报价单-渝南、涪陵、OP、万州,2021-01-01 00:00:00,2021-12-31 00:00:00,2021,售点,1501570,重庆奥策广告有限公司,1104,CP,重庆行销区域,主城部,0,6%进项税,,,RS,,冰块费（含冰块运输费）,5KG,1,,,天,33
警戒线,警戒桩,用于区域划分（根据需求提供，10米\16米\20米及以上）,2021年度奥策报价单-渝南、涪陵、OP、万州,2021-01-01 00:00:00,2021-12-31 00:00:00,2021,售点,1501570,重庆奥策广告有限公司,1104,CP,重庆行销区域,主城部,0,6%进项税,,,RS,,警戒线（桩）,用于区域划分（根据需求提供，10米\16米\20米及以上）,1,,,天,11
铁马,,1.2x2m（烤漆铁马）,2021年度奥策报价单-渝南、涪陵、OP、万州,2021-01-01 00:00:00,2021-12-31 00:00:00,2021,售点,1501570,重庆奥策广告有限公司,1104,CP,重庆行销区域,主城部,0,6%进项税,,,RS,,铁马,1.2x2m（烤漆铁马）,1,,,天,32
条桌,,评委桌（铁质或木质）,2021年度奥策报价单-渝南、涪陵、OP、万州,2021-01-01 00:00:00,2021-12-31 00:00:00,2021,售点,1501570,重庆奥策广告有限公司,1104,CP,重庆行销区域,主城部,0,6%进项税,,,RS,,桌椅评委桌（铁质或木质）,评委桌（铁质或木质）,1,,,天,35
独凳,塑料凳,方凳（塑料）,2021年度奥策报价单-渝南、涪陵、OP、万州,2021-01-01 00:00:00,2021-12-31 00:00:00,2021,售点,1501570,重庆奥策广告有限公司,1104,CP,重庆行销区域,主城部,0,6%进项税,,,RS,,桌椅方凳（塑料）,方凳（塑料）,1,,,天,10
过线槽,压线槽、线槽板,1m长PVC橡胶小二线槽（室外宽24cm*高4.5cm，槽径：宽3cm*高3cm）,2021年度奥策报价单-渝南、涪陵、OP、万州,2021-01-01 00:00:00,2021-12-31 00:00:00,2021,售点,1501570,重庆奥策广告有限公司,1104,CP,重庆行销区域,主城部,0,6%进项税,,,RS,,过线槽（租赁）,1m长PVC橡胶小二线槽（室外宽24cm*高4.5cm，槽径：宽3cm*高3cm）,1,,,天,22
运费,运输费、车费,以所所在地为起点，20公里以外开始计费，20公里内不计费，以百度地图为准,2021年度奥策报价单-渝南、涪陵、OP、万州,2021-01-01 00:00:00,2021-12-31 00:00:00,2021,售点,1501570,重庆奥策广告有限公司,1104,CP,重庆行销区域,主城部,0,6%进项税,,,RS,,运费,20公里以外开始计费，20公里内不计费，以百度地图为准,1,,,公里,14
代垫,代垫服务费,代垫服务费10%，未税,2021年度奥策报价单-渝南、涪陵、OP、万州,2021-01-01 00:00:00,2021-12-31 00:00:00,2021,售点,1501570,重庆奥策广告有限公司,1104,CP,重庆行销区域,主城部,0,6%进项税,,,RS,,代垫费率,未税,1,,,Each,0.1
